,Date,Close
0,2013-04-28,135.3
1,2013-04-29,141.96
2,2013-04-30,135.3
3,2013-05-01,117.0
4,2013-05-02,103.43
5,2013-05-03,91.01
6,2013-05-04,111.25
7,2013-05-05,116.79
8,2013-05-06,118.33
9,2013-05-07,106.4
10,2013-05-08,112.64
11,2013-05-09,113.0
12,2013-05-10,118.78
13,2013-05-11,113.01
14,2013-05-12,114.71
15,2013-05-13,117.18
16,2013-05-14,114.5
17,2013-05-15,114.16
18,2013-05-16,115.5
19,2013-05-17,123.1
20,2013-05-18,123.88
21,2013-05-19,120.5
22,2013-05-20,122.58
23,2013-05-21,122.9
24,2013-05-22,123.0
25,2013-05-23,125.75
26,2013-05-24,131.7
27,2013-05-25,130.77
28,2013-05-26,134.6
29,2013-05-27,128.99
30,2013-05-28,129.18
31,2013-05-29,132.13
32,2013-05-30,127.4
33,2013-05-31,127.98
34,2013-06-01,129.09
35,2013-06-02,121.3
36,2013-06-03,121.16
37,2013-06-05,121.31
38,2013-06-06,121.71
39,2013-06-07,119.0
40,2013-06-08,110.09
41,2013-06-09,108.4
42,2013-06-10,99.75
43,2013-06-11,105.99
44,2013-06-12,108.9
45,2013-06-13,108.4
46,2013-06-14,102.77
47,2013-06-15,98.4
48,2013-06-16,99.99
49,2013-06-17,100.42
50,2013-06-18,102.0
51,2013-06-19,106.55
52,2013-06-20,107.9
53,2013-06-21,110.91
54,2013-06-22,109.02
55,2013-06-23,107.25
56,2013-06-24,108.0
57,2013-06-25,102.44
58,2013-06-26,103.69
59,2013-06-27,103.39
60,2013-06-28,99.66
61,2013-06-29,93.33
62,2013-06-30,95.39
63,2013-07-01,97.5
64,2013-07-02,89.49
65,2013-07-03,90.8
66,2013-07-04,78.8
67,2013-07-05,78.48
68,2013-07-06,67.81
69,2013-07-07,68.08
70,2013-07-08,77.5
71,2013-07-09,76.39
72,2013-07-10,77.0
73,2013-07-11,85.75
74,2013-07-12,93.8
75,2013-07-13,88.06
76,2013-07-14,95.58
77,2013-07-15,94.0
78,2013-07-16,97.3
79,2013-07-17,98.98
80,2013-07-18,97.8
81,2013-07-19,88.79
82,2013-07-20,91.57
83,2013-07-21,89.28
84,2013-07-22,90.37
85,2013-07-23,91.7
86,2013-07-24,94.58
87,2013-07-25,94.52
88,2013-07-26,96.95
89,2013-07-27,94.13
90,2013-07-28,94.0
91,2013-07-29,98.58
92,2013-07-30,101.5
93,2013-07-31,110.34
94,2013-08-01,106.23
95,2013-08-02,101.61
96,2013-08-03,103.7
97,2013-08-04,104.86
98,2013-08-05,106.56
99,2013-08-06,105.84
100,2013-08-07,106.75
101,2013-08-08,101.67
102,2013-08-09,103.4
103,2013-08-10,102.71
104,2013-08-11,103.77
105,2013-08-12,105.18
106,2013-08-13,106.07
107,2013-08-14,111.62
108,2013-08-15,111.87
109,2013-08-16,109.87
110,2013-08-17,112.74
111,2013-08-18,114.4
112,2013-08-19,118.78
113,2013-08-20,120.5
114,2013-08-21,121.51
115,2013-08-22,122.5
116,2013-08-23,120.0
117,2013-08-24,120.44
118,2013-08-25,122.0
119,2013-08-26,122.04
120,2013-08-27,125.67
121,2013-08-28,123.02
122,2013-08-29,123.44
123,2013-08-30,129.2
124,2013-08-31,137.76
125,2013-09-01,138.17
126,2013-09-02,137.17
127,2013-09-03,137.51
128,2013-09-04,135.21
129,2013-09-05,129.96
130,2013-09-06,126.13
131,2013-09-07,123.73
132,2013-09-08,121.77
133,2013-09-09,126.4
134,2013-09-10,127.78
135,2013-09-11,131.65
136,2013-09-12,134.22
137,2013-09-13,135.05
138,2013-09-14,131.39
139,2013-09-15,129.95
140,2013-09-16,131.48
141,2013-09-17,131.31
142,2013-09-18,132.06
143,2013-09-19,130.23
144,2013-09-20,128.57
145,2013-09-21,126.78
146,2013-09-22,128.37
147,2013-09-23,126.73
148,2013-09-24,126.09
149,2013-09-25,127.99
150,2013-09-26,128.02
151,2013-09-27,131.84
152,2013-09-28,133.93
153,2013-09-29,140.28
154,2013-09-30,131.65
155,2013-10-01,132.55
156,2013-10-02,132.04
157,2013-10-03,123.07
158,2013-10-04,128.26
159,2013-10-05,129.57
160,2013-10-06,127.56
161,2013-10-07,128.38
162,2013-10-08,125.72
163,2013-10-09,130.9
164,2013-10-10,129.68
165,2013-10-11,130.27
166,2013-10-12,135.35
167,2013-10-13,135.48
168,2013-10-14,140.48
169,2013-10-15,143.89
170,2013-10-16,143.61
171,2013-10-17,146.15
172,2013-10-18,151.34
173,2013-10-19,170.51
174,2013-10-20,172.01
175,2013-10-21,181.41
176,2013-10-22,193.45
177,2013-10-23,206.78
178,2013-10-24,198.8
179,2013-10-25,172.48
180,2013-10-26,178.96
181,2013-10-27,189.83
182,2013-10-28,198.55
183,2013-10-29,204.39
184,2013-10-30,204.2
185,2013-10-31,203.88
186,2013-11-01,205.26
187,2013-11-02,206.89
188,2013-11-03,212.45
189,2013-11-04,226.28
190,2013-11-05,230.63
191,2013-11-06,260.85
192,2013-11-07,295.63
193,2013-11-08,332.02
194,2013-11-09,358.0
195,2013-11-10,313.0
196,2013-11-11,340.55
197,2013-11-12,355.48
198,2013-11-13,404.17
199,2013-11-14,408.84
200,2013-11-15,424.16
201,2013-11-16,437.41
202,2013-11-17,488.36
203,2013-11-18,580.87
204,2013-11-19,614.4
205,2013-11-20,565.34
206,2013-11-21,675.06
207,2013-11-22,731.15
208,2013-11-23,819.31
209,2013-11-24,764.43
210,2013-11-25,793.07
211,2013-11-26,832.93
212,2013-11-27,914.13
213,2013-11-28,979.08
214,2013-11-29,1101.83
215,2013-11-30,1127.45
216,2013-12-01,1033.39
217,2013-12-02,974.03
218,2013-12-03,1078.64
219,2013-12-04,1121.48
220,2013-12-05,989.04
221,2013-12-06,1019.66
222,2013-12-07,811.98
223,2013-12-08,743.11
224,2013-12-09,897.89
225,2013-12-10,927.78
226,2013-12-11,887.08
227,2013-12-12,878.17
228,2013-12-13,897.27
229,2013-12-14,866.99
230,2013-12-15,854.62
231,2013-12-16,789.15
232,2013-12-17,691.65
233,2013-12-18,559.36
234,2013-12-19,677.84
235,2013-12-20,694.25
236,2013-12-21,596.12
237,2013-12-22,650.27
238,2013-12-23,645.75
239,2013-12-24,659.94
240,2013-12-25,668.74
241,2013-12-26,734.59
242,2013-12-27,734.27
243,2013-12-28,738.81
244,2013-12-29,726.47
245,2013-12-30,760.52
246,2013-12-31,755.16
247,2014-01-01,767.74
248,2014-01-02,772.53
249,2014-01-03,825.47
250,2014-01-04,849.14
251,2014-01-05,919.41
252,2014-01-06,936.38
253,2014-01-07,826.5
254,2014-01-08,838.32
255,2014-01-09,853.29
256,2014-01-10,863.3
257,2014-01-11,905.72
258,2014-01-12,867.45
259,2014-01-13,840.96
260,2014-01-14,838.05
261,2014-01-15,860.44
262,2014-01-16,837.98
263,2014-01-17,812.9
264,2014-01-18,840.0
265,2014-01-19,838.17
266,2014-01-20,869.15
267,2014-01-21,869.57
268,2014-01-22,865.03
269,2014-01-23,846.97
270,2014-01-24,808.32
271,2014-01-25,804.39
272,2014-01-26,853.51
273,2014-01-27,891.86
274,2014-01-28,777.0
275,2014-01-29,816.85
276,2014-01-30,817.17
277,2014-01-31,817.93
278,2014-02-01,832.52
279,2014-02-02,836.41
280,2014-02-03,813.38
281,2014-02-04,832.36
282,2014-02-05,830.92
283,2014-02-06,805.08
284,2014-02-07,721.32
285,2014-02-08,701.61
286,2014-02-09,672.07
287,2014-02-10,689.65
288,2014-02-11,697.76
289,2014-02-12,655.26
290,2014-02-13,651.91
291,2014-02-14,623.57
292,2014-02-15,644.1
293,2014-02-16,613.85
294,2014-02-17,645.14
295,2014-02-18,625.01
296,2014-02-19,620.99
297,2014-02-20,593.89
298,2014-02-21,582.75
299,2014-02-22,571.06
300,2014-02-23,622.97
301,2014-02-24,572.39
302,2014-02-25,489.31
303,2014-02-26,567.25
304,2014-02-27,586.28
305,2014-02-28,567.2
306,2014-03-01,560.11
307,2014-03-02,561.35
308,2014-03-03,585.79
309,2014-03-04,675.0
310,2014-03-05,658.24
311,2014-03-06,654.55
312,2014-03-07,617.62
313,2014-03-08,610.37
314,2014-03-09,636.17
315,2014-03-10,621.17
316,2014-03-11,624.23
317,2014-03-12,638.07
318,2014-03-13,639.03
319,2014-03-14,629.67
320,2014-03-15,638.07
321,2014-03-16,629.55
322,2014-03-17,623.71
323,2014-03-18,612.62
324,2014-03-19,610.64
325,2014-03-20,592.07
326,2014-03-21,582.3
327,2014-03-22,561.22
328,2014-03-23,567.78
329,2014-03-24,571.42
330,2014-03-25,582.55
331,2014-03-26,584.44
332,2014-03-27,567.64
333,2014-03-28,503.66
334,2014-03-29,502.3
335,2014-03-30,469.94
336,2014-03-31,457.4
337,2014-04-01,478.72
338,2014-04-02,437.52
339,2014-04-03,447.08
340,2014-04-04,448.88
341,2014-04-05,464.83
342,2014-04-06,460.7
343,2014-04-07,457.79
344,2014-04-08,450.46
345,2014-04-09,440.2
346,2014-04-10,360.84
347,2014-04-11,420.06
348,2014-04-12,420.66
349,2014-04-13,414.95
350,2014-04-14,457.63
351,2014-04-15,520.12
352,2014-04-16,529.16
353,2014-04-17,494.4
354,2014-04-18,478.23
355,2014-04-19,501.55
356,2014-04-20,497.32
357,2014-04-21,492.67
358,2014-04-22,484.85
359,2014-04-23,487.52
360,2014-04-24,494.27
361,2014-04-25,458.81
362,2014-04-26,453.8
363,2014-04-27,437.92
364,2014-04-28,436.92
365,2014-04-29,443.27
366,2014-04-30,445.0
367,2014-05-01,455.09
368,2014-05-02,443.47
369,2014-05-03,434.03
370,2014-05-04,433.94
371,2014-05-05,429.08
372,2014-05-06,426.76
373,2014-05-07,439.3
374,2014-05-08,437.36
375,2014-05-09,447.49
376,2014-05-10,452.5
377,2014-05-11,436.28
378,2014-05-12,439.19
379,2014-05-13,437.3
380,2014-05-14,444.25
381,2014-05-15,444.25
382,2014-05-16,445.16
383,2014-05-17,445.85
384,2014-05-18,444.21
385,2014-05-19,443.87
386,2014-05-20,483.42
387,2014-05-21,488.77
388,2014-05-22,522.61
389,2014-05-23,524.48
390,2014-05-24,523.11
391,2014-05-25,569.38
392,2014-05-26,579.62
393,2014-05-27,569.48
394,2014-05-28,571.55
395,2014-05-29,565.26
396,2014-05-30,621.15
397,2014-05-31,620.5
398,2014-06-01,640.16
399,2014-06-02,656.41
400,2014-06-03,667.37
401,2014-06-04,641.18
402,2014-06-05,658.1
403,2014-06-06,648.63
404,2014-06-07,651.71
405,2014-06-08,649.9
406,2014-06-09,643.9
407,2014-06-10,649.06
408,2014-06-11,630.04
409,2014-06-12,567.17
410,2014-06-13,594.68
411,2014-06-14,570.0
412,2014-06-15,583.41
413,2014-06-16,592.52
414,2014-06-17,607.16
415,2014-06-18,604.19
416,2014-06-19,593.39
417,2014-06-20,590.05
418,2014-06-21,591.26
419,2014-06-22,595.04
420,2014-06-23,586.15
421,2014-06-24,582.41
422,2014-06-25,561.47
423,2014-06-26,579.59
424,2014-06-27,598.24
425,2014-06-28,594.87
426,2014-06-29,598.49
427,2014-06-30,637.75
428,2014-07-01,643.94
429,2014-07-02,648.11
430,2014-07-03,640.28
431,2014-07-04,627.13
432,2014-07-05,627.58
433,2014-07-06,631.0
434,2014-07-07,619.5
435,2014-07-08,620.05
436,2014-07-09,620.16
437,2014-07-10,615.13
438,2014-07-11,630.84
439,2014-07-12,633.64
440,2014-07-13,627.46
441,2014-07-14,618.21
442,2014-07-15,618.95
443,2014-07-16,614.15
444,2014-07-17,622.9
445,2014-07-18,627.02
446,2014-07-19,626.18
447,2014-07-20,620.51
448,2014-07-21,619.91
449,2014-07-22,619.01
450,2014-07-23,617.94
451,2014-07-24,599.81
452,2014-07-25,600.1
453,2014-07-26,593.78
454,2014-07-27,590.38
455,2014-07-28,585.28
456,2014-07-29,581.71
457,2014-07-30,560.79
458,2014-07-31,583.18
459,2014-08-01,593.87
460,2014-08-02,588.23
461,2014-08-03,585.57
462,2014-08-04,586.37
463,2014-08-05,582.42
464,2014-08-06,583.32
465,2014-08-07,587.2
466,2014-08-08,590.91
467,2014-08-09,588.11
468,2014-08-10,588.5
469,2014-08-11,573.41
470,2014-08-12,567.4
471,2014-08-13,543.67
472,2014-08-14,503.71
473,2014-08-15,492.28
474,2014-08-16,521.05
475,2014-08-17,494.78
476,2014-08-18,459.89
477,2014-08-19,484.15
478,2014-08-20,514.19
479,2014-08-21,515.6
480,2014-08-22,515.83
481,2014-08-23,496.57
482,2014-08-24,508.11
483,2014-08-25,500.39
484,2014-08-26,510.64
485,2014-08-27,510.45
486,2014-08-28,506.92
487,2014-08-29,508.1
488,2014-08-30,501.53
489,2014-08-31,480.03
490,2014-09-01,475.82
491,2014-09-02,474.69
492,2014-09-03,474.73
493,2014-09-04,489.55
494,2014-09-05,480.24
495,2014-09-06,482.36
496,2014-09-07,480.6
497,2014-09-08,471.13
498,2014-09-09,471.75
499,2014-09-10,477.11
500,2014-09-11,476.38
501,2014-09-12,473.69
502,2014-09-13,476.0
503,2014-09-14,474.8
504,2014-09-15,473.03
505,2014-09-16,462.59
506,2014-09-17,454.62
507,2014-09-18,423.56
508,2014-09-19,393.26
509,2014-09-20,408.5
510,2014-09-21,396.62
511,2014-09-22,398.31
512,2014-09-23,433.75
513,2014-09-24,420.92
514,2014-09-25,407.98
515,2014-09-26,402.88
516,2014-09-27,398.01
517,2014-09-28,375.99
518,2014-09-29,373.09
519,2014-09-30,387.35
520,2014-10-01,380.89
521,2014-10-02,371.84
522,2014-10-03,356.19
523,2014-10-04,327.88
524,2014-10-05,325.11
525,2014-10-06,328.73
526,2014-10-07,331.72
527,2014-10-08,353.39
528,2014-10-09,358.4
529,2014-10-10,357.55
530,2014-10-11,359.52
531,2014-10-12,374.17
532,2014-10-13,387.04
533,2014-10-14,398.29
534,2014-10-15,392.19
535,2014-10-16,379.39
536,2014-10-17,380.29
537,2014-10-18,389.12
538,2014-10-19,386.94
539,2014-10-20,379.77
540,2014-10-21,382.41
541,2014-10-22,379.44
542,2014-10-23,356.2
543,2014-10-24,354.32
544,2014-10-25,347.03
545,2014-10-26,350.19
546,2014-10-27,348.29
547,2014-10-28,351.56
548,2014-10-29,333.15
549,2014-10-30,343.67
550,2014-10-31,336.59
551,2014-11-01,323.98
552,2014-11-02,323.98
553,2014-11-03,324.0
554,2014-11-04,328.01
555,2014-11-05,337.59
556,2014-11-06,347.82
557,2014-11-07,341.23
558,2014-11-08,344.18
559,2014-11-09,363.42
560,2014-11-10,363.76
561,2014-11-11,366.15
562,2014-11-12,418.58
563,2014-11-13,414.71
564,2014-11-14,395.24
565,2014-11-15,377.33
566,2014-11-16,387.62
567,2014-11-17,384.9
568,2014-11-18,374.87
569,2014-11-19,376.79
570,2014-11-20,355.39
571,2014-11-21,349.39
572,2014-11-22,351.55
573,2014-11-23,366.78
574,2014-11-24,377.74
575,2014-11-25,375.25
576,2014-11-26,365.77
577,2014-11-27,368.45
578,2014-11-28,376.95
579,2014-11-29,374.96
580,2014-11-30,376.47
581,2014-12-01,379.49
582,2014-12-02,381.38
583,2014-12-03,374.1
584,2014-12-04,368.23
585,2014-12-05,376.38
586,2014-12-06,373.67
587,2014-12-07,374.45
588,2014-12-08,361.43
589,2014-12-09,350.93
590,2014-12-10,346.98
591,2014-12-11,346.91
592,2014-12-12,351.5
593,2014-12-13,347.48
594,2014-12-14,350.13
595,2014-12-15,344.62
596,2014-12-16,328.53
597,2014-12-17,318.83
598,2014-12-18,309.76
599,2014-12-19,317.54
600,2014-12-20,328.77
601,2014-12-21,319.5
602,2014-12-22,329.89
603,2014-12-23,333.97
604,2014-12-24,322.19
605,2014-12-25,318.17
606,2014-12-26,327.72
607,2014-12-27,314.57
608,2014-12-28,316.49
609,2014-12-29,312.63
610,2014-12-30,310.08
611,2014-12-31,317.38
612,2015-01-01,313.99
613,2015-01-02,314.45
614,2015-01-03,286.57
615,2015-01-04,260.94
616,2015-01-05,273.22
617,2015-01-06,285.37
618,2015-01-07,295.87
619,2015-01-08,284.45
620,2015-01-09,289.57
621,2015-01-10,274.53
622,2015-01-11,267.18
623,2015-01-12,268.35
624,2015-01-13,221.44
625,2015-01-14,172.15
626,2015-01-15,210.56
627,2015-01-16,205.82
628,2015-01-17,199.49
629,2015-01-18,208.99
630,2015-01-19,214.54
631,2015-01-20,210.51
632,2015-01-21,224.05
633,2015-01-22,232.04
634,2015-01-23,232.9
635,2015-01-24,248.1
636,2015-01-25,253.84
637,2015-01-26,271.29
638,2015-01-27,259.24
639,2015-01-29,232.53
640,2015-01-30,228.64
641,2015-01-31,218.02
642,2015-02-01,226.27
643,2015-02-02,240.02
644,2015-02-03,226.01
645,2015-02-04,225.31
646,2015-02-05,216.91
647,2015-02-06,222.49
648,2015-02-07,227.21
649,2015-02-08,222.91
650,2015-02-09,220.09
651,2015-02-10,220.65
652,2015-02-11,219.1
653,2015-02-12,222.04
654,2015-02-13,235.68
655,2015-02-14,259.01
656,2015-02-15,233.0
657,2015-02-16,235.92
658,2015-02-17,242.46
659,2015-02-18,234.62
660,2015-02-19,240.3
661,2015-02-20,244.08
662,2015-02-21,244.15
663,2015-02-22,235.55
664,2015-02-23,238.13
665,2015-02-24,238.73
666,2015-02-25,237.38
667,2015-02-26,236.17
668,2015-02-27,253.9
669,2015-02-28,253.6
670,2015-03-01,257.71
671,2015-03-02,269.96
672,2015-03-03,280.62
673,2015-03-04,273.02
674,2015-03-05,274.83
675,2015-03-06,272.34
676,2015-03-07,275.58
677,2015-03-08,274.58
678,2015-03-09,289.3
679,2015-03-10,290.31
680,2015-03-11,295.96
681,2015-03-12,293.92
682,2015-03-13,288.04
683,2015-03-14,281.49
684,2015-03-15,285.26
685,2015-03-16,290.1
686,2015-03-17,284.35
687,2015-03-18,255.61
688,2015-03-19,260.0
689,2015-03-20,260.91
690,2015-03-21,259.49
691,2015-03-22,267.8
692,2015-03-23,266.03
693,2015-03-24,245.17
694,2015-03-25,246.27
695,2015-03-26,247.56
696,2015-03-27,247.15
697,2015-03-28,252.05
698,2015-03-29,241.91
699,2015-03-30,246.54
700,2015-03-31,243.27
701,2015-04-01,246.78
702,2015-04-02,252.34
703,2015-04-03,253.62
704,2015-04-04,253.32
705,2015-04-05,259.71
706,2015-04-06,255.42
707,2015-04-07,253.21
708,2015-04-08,244.27
709,2015-04-09,243.2
710,2015-04-10,234.53
711,2015-04-11,236.45
712,2015-04-12,235.74
713,2015-04-13,223.95
714,2015-04-14,218.0
715,2015-04-15,223.02
716,2015-04-16,228.0
717,2015-04-17,222.42
718,2015-04-18,222.95
719,2015-04-19,222.68
720,2015-04-20,224.31
721,2015-04-21,234.69
722,2015-04-22,233.78
723,2015-04-23,235.17
724,2015-04-24,230.99
725,2015-04-25,225.96
726,2015-04-26,218.51
727,2015-04-27,228.57
728,2015-04-28,225.64
729,2015-04-29,226.0
730,2015-04-30,236.22
731,2015-05-01,232.74
732,2015-05-02,235.16
733,2015-05-03,239.88
734,2015-05-04,238.97
735,2015-05-05,236.0
736,2015-05-06,229.82
737,2015-05-07,236.85
738,2015-05-08,243.66
739,2015-05-09,241.53
740,2015-05-10,239.55
741,2015-05-11,241.85
742,2015-05-12,241.52
743,2015-05-13,235.48
744,2015-05-14,236.7
745,2015-05-15,236.99
746,2015-05-16,235.98
747,2015-05-17,236.08
748,2015-05-18,232.48
749,2015-05-19,231.94
750,2015-05-20,234.05
751,2015-05-21,235.42
752,2015-05-22,240.94
753,2015-05-23,239.03
754,2015-05-24,241.24
755,2015-05-25,237.44
756,2015-05-26,237.5
757,2015-05-27,237.23
758,2015-05-28,237.49
759,2015-05-29,237.07
760,2015-05-30,233.46
761,2015-05-31,229.68
762,2015-06-01,223.32
763,2015-06-02,225.74
764,2015-06-03,225.48
765,2015-06-04,224.17
766,2015-06-05,224.74
767,2015-06-06,225.29
768,2015-06-07,223.62
769,2015-06-08,228.7
770,2015-06-09,229.53
771,2015-06-10,229.0
772,2015-06-11,229.93
773,2015-06-12,230.52
774,2015-06-13,232.63
775,2015-06-14,233.67
776,2015-06-15,237.2
777,2015-06-16,250.47
778,2015-06-17,247.69
779,2015-06-18,248.55
780,2015-06-19,243.0
781,2015-06-20,245.48
782,2015-06-21,244.0
783,2015-06-22,247.28
784,2015-06-23,243.85
785,2015-06-24,240.54
786,2015-06-25,242.48
787,2015-06-26,242.48
788,2015-06-27,250.62
789,2015-06-28,248.35
790,2015-06-29,256.3
791,2015-06-30,262.41
792,2015-07-01,257.51
793,2015-07-02,254.65
794,2015-07-03,255.16
795,2015-07-04,260.42
796,2015-07-05,271.04
797,2015-07-06,268.6
798,2015-07-07,265.38
799,2015-07-08,269.61
800,2015-07-09,268.89
801,2015-07-10,285.02
802,2015-07-11,291.89
803,2015-07-12,310.19
804,2015-07-13,290.67
805,2015-07-14,286.67
806,2015-07-15,283.95
807,2015-07-16,276.68
808,2015-07-17,278.37
809,2015-07-18,274.48
810,2015-07-19,272.81
811,2015-07-20,277.25
812,2015-07-21,274.94
813,2015-07-22,276.18
814,2015-07-23,275.61
815,2015-07-24,288.44
816,2015-07-25,288.39
817,2015-07-26,291.7
818,2015-07-27,292.61
819,2015-07-28,293.99
820,2015-07-29,288.72
821,2015-07-30,286.84
822,2015-07-31,283.68
823,2015-08-01,280.7
824,2015-08-02,281.73
825,2015-08-03,281.83
826,2015-08-04,284.24
827,2015-08-05,281.4
828,2015-08-06,278.01
829,2015-08-07,278.51
830,2015-08-08,259.8
831,2015-08-09,264.34
832,2015-08-10,263.58
833,2015-08-11,269.87
834,2015-08-12,267.71
835,2015-08-13,263.66
836,2015-08-14,265.13
837,2015-08-15,260.48
838,2015-08-16,257.82
839,2015-08-17,257.06
840,2015-08-18,253.08
841,2015-08-19,225.96
842,2015-08-20,234.64
843,2015-08-21,232.33
844,2015-08-22,229.15
845,2015-08-23,227.25
846,2015-08-24,210.09
847,2015-08-25,221.33
848,2015-08-26,225.27
849,2015-08-27,222.97
850,2015-08-28,231.66
851,2015-08-29,228.47
852,2015-08-30,228.07
853,2015-08-31,230.08
854,2015-09-01,227.16
855,2015-09-02,228.64
856,2015-09-03,226.57
857,2015-09-04,230.05
858,2015-09-05,234.75
859,2015-09-06,239.13
860,2015-09-07,240.5
861,2015-09-08,243.56
862,2015-09-09,237.95
863,2015-09-10,238.78
864,2015-09-11,240.0
865,2015-09-12,234.91
866,2015-09-13,230.5
867,2015-09-14,230.21
868,2015-09-15,229.91
869,2015-09-16,228.46
870,2015-09-17,232.75
871,2015-09-18,232.35
872,2015-09-19,231.27
873,2015-09-20,230.66
874,2015-09-21,226.45
875,2015-09-22,229.88
876,2015-09-23,229.87
877,2015-09-24,233.93
878,2015-09-25,234.98
879,2015-09-26,234.53
880,2015-09-27,232.83
881,2015-09-28,239.28
882,2015-09-29,237.23
883,2015-09-30,236.05
884,2015-10-01,237.74
885,2015-10-02,237.26
886,2015-10-03,238.97
887,2015-10-04,238.66
888,2015-10-05,240.32
889,2015-10-06,246.44
890,2015-10-07,243.22
891,2015-10-08,242.9
892,2015-10-09,244.21
893,2015-10-10,245.32
894,2015-10-11,247.54
895,2015-10-12,245.57
896,2015-10-13,249.41
897,2015-10-14,252.7
898,2015-10-15,254.63
899,2015-10-16,262.37
900,2015-10-17,270.36
901,2015-10-18,262.23
902,2015-10-19,264.21
903,2015-10-20,270.27
904,2015-10-21,267.02
905,2015-10-22,273.57
906,2015-10-23,277.39
907,2015-10-24,282.96
908,2015-10-25,284.75
909,2015-10-26,285.52
910,2015-10-27,294.81
911,2015-10-28,303.64
912,2015-10-29,313.91
913,2015-10-30,325.8
914,2015-10-31,312.28
915,2015-11-01,325.0
916,2015-11-02,350.77
917,2015-11-03,398.24
918,2015-11-04,404.36
919,2015-11-05,387.47
920,2015-11-06,372.83
921,2015-11-07,387.06
922,2015-11-08,371.5
923,2015-11-09,380.64
924,2015-11-10,336.87
925,2015-11-11,305.98
926,2015-11-12,337.96
927,2015-11-13,337.37
928,2015-11-14,331.5
929,2015-11-15,320.48
930,2015-11-16,331.35
931,2015-11-17,335.11
932,2015-11-18,335.45
933,2015-11-19,325.57
934,2015-11-20,321.42
935,2015-11-21,325.16
936,2015-11-22,323.4
937,2015-11-23,322.83
938,2015-11-24,319.98
939,2015-11-25,328.17
940,2015-11-26,356.24
941,2015-11-27,359.01
942,2015-11-28,356.21
943,2015-11-29,371.49
944,2015-11-30,378.26
945,2015-12-01,363.45
946,2015-12-02,358.82
947,2015-12-03,360.95
948,2015-12-04,362.77
949,2015-12-05,390.64
950,2015-12-06,394.01
951,2015-12-07,394.36
952,2015-12-08,412.93
953,2015-12-09,417.37
954,2015-12-10,416.91
955,2015-12-11,452.41
956,2015-12-12,434.9
957,2015-12-13,435.82
958,2015-12-14,443.28
959,2015-12-15,465.0
960,2015-12-16,453.91
961,2015-12-17,456.47
962,2015-12-18,463.82
963,2015-12-19,462.05
964,2015-12-20,441.13
965,2015-12-21,437.81
966,2015-12-22,436.24
967,2015-12-23,442.82
968,2015-12-24,454.91
969,2015-12-25,455.74
970,2015-12-26,417.09
971,2015-12-27,423.92
972,2015-12-28,420.71
973,2015-12-29,432.15
974,2015-12-30,426.81
975,2015-12-31,431.14
976,2016-01-01,434.43
977,2016-01-02,434.33
978,2016-01-03,430.2
979,2016-01-04,433.53
980,2016-01-05,432.12
981,2016-01-06,431.34
982,2016-01-07,456.43
983,2016-01-08,454.7
984,2016-01-09,448.71
985,2016-01-10,447.21
986,2016-01-11,448.35
987,2016-01-12,445.79
988,2016-01-13,432.12
989,2016-01-14,429.24
990,2016-01-15,365.91
991,2016-01-16,384.81
992,2016-01-17,386.36
993,2016-01-18,385.13
994,2016-01-19,379.02
995,2016-01-20,418.85
996,2016-01-21,407.82
997,2016-01-22,377.21
998,2016-01-23,389.64
999,2016-01-24,403.06
1000,2016-01-25,392.33
1001,2016-01-26,392.46
1002,2016-01-27,394.49
1003,2016-01-28,379.55
1004,2016-01-29,378.91
1005,2016-01-30,376.92
1006,2016-01-31,364.35
1007,2016-02-01,371.04
1008,2016-02-02,372.87
1009,2016-02-03,368.12
1010,2016-02-04,388.38
1011,2016-02-05,385.73
1012,2016-02-06,374.9
1013,2016-02-07,375.52
1014,2016-02-08,371.14
1015,2016-02-09,373.91
1016,2016-02-10,379.83
1017,2016-02-11,377.06
1018,2016-02-12,382.72
1019,2016-02-13,390.42
1020,2016-02-14,404.14
1021,2016-02-15,399.38
1022,2016-02-16,407.01
1023,2016-02-17,416.85
1024,2016-02-18,421.42
1025,2016-02-19,419.38
1026,2016-02-20,441.12
1027,2016-02-21,438.65
1028,2016-02-22,437.8
1029,2016-02-23,420.3
1030,2016-02-24,423.19
1031,2016-02-25,423.14
1032,2016-02-26,427.03
1033,2016-02-27,432.14
1034,2016-02-28,432.8
1035,2016-02-29,436.92
1036,2016-03-01,431.37
1037,2016-03-02,424.48
1038,2016-03-03,420.17
1039,2016-03-04,409.41
1040,2016-03-05,397.24
1041,2016-03-06,404.91
1042,2016-03-07,413.74
1043,2016-03-08,411.88
1044,2016-03-09,412.32
1045,2016-03-10,416.29
1046,2016-03-11,419.3
1047,2016-03-12,410.8
1048,2016-03-13,412.49
1049,2016-03-14,414.58
1050,2016-03-15,415.64
1051,2016-03-16,416.54
1052,2016-03-17,418.4
1053,2016-03-18,408.28
1054,2016-03-19,406.74
1055,2016-03-20,411.88
1056,2016-03-21,411.09
1057,2016-03-22,416.36
1058,2016-03-23,418.08
1059,2016-03-24,414.88
1060,2016-03-25,415.74
1061,2016-03-26,416.71
1062,2016-03-27,425.35
1063,2016-03-28,422.76
1064,2016-03-29,415.55
1065,2016-03-30,412.6
1066,2016-03-31,415.37
1067,2016-04-01,416.75
1068,2016-04-02,419.67
1069,2016-04-03,418.19
1070,2016-04-04,419.44
1071,2016-04-05,422.65
1072,2016-04-06,421.66
1073,2016-04-07,421.08
1074,2016-04-08,418.47
1075,2016-04-09,416.14
1076,2016-04-10,421.13
1077,2016-04-11,422.58
1078,2016-04-12,426.18
1079,2016-04-13,424.27
1080,2016-04-14,424.93
1081,2016-04-15,429.97
1082,2016-04-16,430.94
1083,2016-04-17,428.03
1084,2016-04-18,428.51
1085,2016-04-19,436.37
1086,2016-04-20,441.92
1087,2016-04-21,451.08
1088,2016-04-22,447.49
1089,2016-04-23,451.82
1090,2016-04-24,459.92
1091,2016-04-25,460.47
1092,2016-04-26,467.86
1093,2016-04-27,444.79
1094,2016-04-28,449.38
1095,2016-04-29,456.57
1096,2016-04-30,447.9
1097,2016-05-01,452.59
1098,2016-05-02,444.49
1099,2016-05-03,450.3
1100,2016-05-04,447.12
1101,2016-05-05,448.92
1102,2016-05-06,461.62
1103,2016-05-07,459.25
1104,2016-05-08,459.28
1105,2016-05-09,461.75
1106,2016-05-10,450.33
1107,2016-05-11,452.18
1108,2016-05-12,454.73
1109,2016-05-13,456.01
1110,2016-05-14,455.5
1111,2016-05-15,457.84
1112,2016-05-16,454.89
1113,2016-05-17,452.42
1114,2016-05-18,453.37
1115,2016-05-19,440.54
1116,2016-05-20,441.89
1117,2016-05-21,443.15
1118,2016-05-22,438.68
1119,2016-05-23,443.18
1120,2016-05-24,445.77
1121,2016-05-25,449.05
1122,2016-05-26,453.73
1123,2016-05-27,473.86
1124,2016-05-28,528.54
1125,2016-05-29,524.62
1126,2016-05-30,534.22
1127,2016-05-31,531.41
1128,2016-06-01,539.17
1129,2016-06-02,538.83
1130,2016-06-03,570.44
1131,2016-06-04,573.53
1132,2016-06-05,574.48
1133,2016-06-06,585.56
1134,2016-06-07,577.91
1135,2016-06-08,583.14
1136,2016-06-09,577.61
1137,2016-06-10,579.23
1138,2016-06-11,597.75
1139,2016-06-12,671.71
1140,2016-06-13,704.29
1141,2016-06-14,685.93
1142,2016-06-15,693.23
1143,2016-06-16,765.46
1144,2016-06-17,749.42
1145,2016-06-18,756.8
1146,2016-06-19,764.05
1147,2016-06-20,734.16
1148,2016-06-21,665.0
1149,2016-06-22,591.9
1150,2016-06-23,623.21
1151,2016-06-24,661.42
1152,2016-06-25,666.06
1153,2016-06-26,629.31
1154,2016-06-27,648.3
1155,2016-06-28,646.84
1156,2016-06-29,637.44
1157,2016-06-30,671.62
1158,2016-07-01,677.71
1159,2016-07-02,693.05
1160,2016-07-03,664.75
1161,2016-07-04,678.7
1162,2016-07-05,667.53
1163,2016-07-06,675.92
1164,2016-07-07,638.62
1165,2016-07-08,665.74
1166,2016-07-09,653.87
1167,2016-07-10,650.32
1168,2016-07-11,649.07
1169,2016-07-12,670.95
1170,2016-07-13,658.15
1171,2016-07-14,659.58
1172,2016-07-15,665.69
1173,2016-07-16,663.5
1174,2016-07-17,678.39
1175,2016-07-18,674.79
1176,2016-07-19,674.56
1177,2016-07-20,670.89
1178,2016-07-21,665.36
1179,2016-07-22,651.09
1180,2016-07-23,655.42
1181,2016-07-24,660.85
1182,2016-07-25,654.52
1183,2016-07-26,651.31
1184,2016-07-27,655.62
1185,2016-07-28,655.89
1186,2016-07-29,657.34
1187,2016-07-30,654.55
1188,2016-07-31,623.75
1189,2016-08-01,605.75
1190,2016-08-02,517.13
1191,2016-08-03,567.38
1192,2016-08-04,576.6
1193,2016-08-05,576.03
1194,2016-08-06,587.63
1195,2016-08-07,592.67
1196,2016-08-08,590.71
1197,2016-08-09,585.3
1198,2016-08-10,592.27
1199,2016-08-11,587.61
1200,2016-08-12,586.53
1201,2016-08-13,584.47
1202,2016-08-14,570.74
1203,2016-08-15,567.73
1204,2016-08-16,578.22
1205,2016-08-17,571.46
1206,2016-08-18,572.27
1207,2016-08-19,573.49
1208,2016-08-20,581.95
1209,2016-08-21,580.59
1210,2016-08-22,585.22
1211,2016-08-23,582.0
1212,2016-08-24,577.89
1213,2016-08-25,576.12
1214,2016-08-26,578.1
1215,2016-08-27,568.58
1216,2016-08-28,573.53
1217,2016-08-29,572.51
1218,2016-08-30,576.08
1219,2016-08-31,571.76
1220,2016-09-01,571.59
1221,2016-09-02,573.96
1222,2016-09-03,596.2
1223,2016-09-04,608.69
1224,2016-09-05,606.64
1225,2016-09-06,610.68
1226,2016-09-07,614.33
1227,2016-09-08,625.47
1228,2016-09-09,621.91
1229,2016-09-10,623.06
1230,2016-09-11,605.32
1231,2016-09-12,605.83
1232,2016-09-13,606.65
1233,2016-09-14,608.43
1234,2016-09-15,605.58
1235,2016-09-16,606.55
1236,2016-09-17,605.34
1237,2016-09-18,608.8
1238,2016-09-19,608.62
1239,2016-09-20,607.77
1240,2016-09-21,595.84
1241,2016-09-22,594.96
1242,2016-09-23,601.89
1243,2016-09-24,601.27
1244,2016-09-25,599.31
1245,2016-09-26,606.1
1246,2016-09-27,604.21
1247,2016-09-28,603.55
1248,2016-09-29,604.64
1249,2016-09-30,608.26
1250,2016-10-01,614.06
1251,2016-10-02,610.36
1252,2016-10-03,611.96
1253,2016-10-04,609.24
1254,2016-10-05,611.64
1255,2016-10-06,610.98
1256,2016-10-07,616.22
1257,2016-10-08,616.53
1258,2016-10-09,614.62
1259,2016-10-10,614.31
1260,2016-10-11,640.7
1261,2016-10-12,635.62
1262,2016-10-13,634.62
1263,2016-10-14,638.18
1264,2016-10-15,637.21
1265,2016-10-16,640.19
1266,2016-10-17,637.48
1267,2016-10-18,635.46
1268,2016-10-19,628.44
1269,2016-10-20,628.54
1270,2016-10-21,629.72
1271,2016-10-22,652.09
1272,2016-10-23,649.63
1273,2016-10-24,648.77
1274,2016-10-25,652.63
1275,2016-10-26,673.42
1276,2016-10-27,683.37
1277,2016-10-28,687.56
1278,2016-10-29,715.41
1279,2016-10-30,697.28
1280,2016-10-31,698.58
1281,2016-11-01,729.2
1282,2016-11-02,734.16
1283,2016-11-03,686.06
1284,2016-11-04,702.11
1285,2016-11-05,704.02
1286,2016-11-06,712.13
1287,2016-11-07,706.09
1288,2016-11-08,708.94
1289,2016-11-09,721.18
1290,2016-11-10,713.21
1291,2016-11-11,715.64
1292,2016-11-12,703.76
1293,2016-11-13,702.35
1294,2016-11-14,705.55
1295,2016-11-15,712.16
1296,2016-11-16,740.9
1297,2016-11-17,738.48
1298,2016-11-18,748.43
1299,2016-11-19,750.41
1300,2016-11-20,728.37
1301,2016-11-21,736.5
1302,2016-11-22,748.12
1303,2016-11-23,741.17
1304,2016-11-24,736.75
1305,2016-11-25,738.2
1306,2016-11-26,732.73
1307,2016-11-27,727.76
1308,2016-11-28,731.84
1309,2016-11-29,731.81
1310,2016-11-30,742.36
1311,2016-12-01,753.06
1312,2016-12-02,771.17
1313,2016-12-03,764.83
1314,2016-12-04,766.37
1315,2016-12-05,752.24
1316,2016-12-06,758.69
1317,2016-12-07,763.91
1318,2016-12-08,768.67
1319,2016-12-09,769.84
1320,2016-12-10,773.13
1321,2016-12-11,768.23
1322,2016-12-12,778.43
1323,2016-12-13,778.22
1324,2016-12-14,775.89
1325,2016-12-15,775.57
1326,2016-12-16,781.34
1327,2016-12-17,788.88
1328,2016-12-18,788.44
1329,2016-12-19,790.12
1330,2016-12-20,799.72
1331,2016-12-21,826.62
1332,2016-12-22,859.37
1333,2016-12-23,917.1
1334,2016-12-24,891.68
1335,2016-12-25,894.34
1336,2016-12-26,902.61
1337,2016-12-27,929.12
1338,2016-12-28,977.14
1339,2016-12-29,971.72
1340,2016-12-30,960.92
1341,2016-12-31,966.57
1342,2017-01-01,998.05
1343,2017-01-02,1019.2
1344,2017-01-03,1035.53
1345,2017-01-04,1130.85
1346,2017-01-05,990.67
1347,2017-01-06,894.03
1348,2017-01-07,900.08
1349,2017-01-08,908.09
1350,2017-01-09,901.88
1351,2017-01-10,905.76
1352,2017-01-11,784.28
1353,2017-01-12,799.43
1354,2017-01-13,824.5
1355,2017-01-14,817.83
1356,2017-01-15,821.91
1357,2017-01-16,828.31
1358,2017-01-17,904.15
1359,2017-01-18,873.93
1360,2017-01-19,896.89
1361,2017-01-20,891.46
1362,2017-01-21,919.68
1363,2017-01-22,918.78
1364,2017-01-23,918.91
1365,2017-01-24,885.79
1366,2017-01-25,893.47
1367,2017-01-26,915.36
1368,2017-01-27,918.29
1369,2017-01-28,920.24
1370,2017-01-29,914.14
1371,2017-01-30,920.99
1372,2017-01-31,968.27
1373,2017-02-01,986.57
1374,2017-02-02,1008.4
1375,2017-02-03,1015.44
1376,2017-02-04,1033.63
1377,2017-02-05,1016.93
1378,2017-02-06,1024.51
1379,2017-02-07,1051.5
1380,2017-02-08,1055.3
1381,2017-02-09,981.7
1382,2017-02-10,992.11
1383,2017-02-11,1010.95
1384,2017-02-12,1000.52
1385,2017-02-13,996.1
1386,2017-02-14,1010.1
1387,2017-02-15,1008.88
1388,2017-02-16,1034.9
1389,2017-02-17,1056.56
1390,2017-02-18,1058.58
1391,2017-02-19,1053.5
1392,2017-02-20,1082.02
1393,2017-02-21,1125.41
1394,2017-02-22,1123.3
1395,2017-02-23,1185.65
1396,2017-02-24,1180.87
1397,2017-02-25,1149.4
1398,2017-02-26,1180.67
1399,2017-02-27,1193.13
1400,2017-02-28,1190.33
1401,2017-03-01,1227.48
1402,2017-03-02,1262.08
1403,2017-03-03,1289.54
1404,2017-03-04,1268.81
1405,2017-03-05,1276.23
1406,2017-03-06,1280.99
1407,2017-03-07,1233.06
1408,2017-03-08,1149.63
1409,2017-03-09,1191.24
1410,2017-03-10,1100.01
1411,2017-03-11,1181.2
1412,2017-03-12,1230.56
1413,2017-03-13,1243.26
1414,2017-03-14,1246.56
1415,2017-03-15,1258.46
1416,2017-03-16,1217.31
1417,2017-03-17,1074.09
1418,2017-03-18,961.96
1419,2017-03-19,1023.49
1420,2017-03-20,1036.33
1421,2017-03-21,1112.7
1422,2017-03-22,1039.84
1423,2017-03-23,1029.14
1424,2017-03-24,940.02
1425,2017-03-25,965.27
1426,2017-03-26,954.48
1427,2017-03-27,1042.61
1428,2017-03-28,1044.72
1429,2017-03-29,1038.62
1430,2017-03-30,1031.49
1431,2017-03-31,1078.27
1432,2017-04-01,1085.25
1433,2017-04-02,1098.07
1434,2017-04-03,1139.31
1435,2017-04-04,1140.5
1436,2017-04-05,1132.34
1437,2017-04-06,1194.21
1438,2017-04-07,1189.78
1439,2017-04-08,1182.27
1440,2017-04-09,1187.7
1441,2017-04-10,1210.52
1442,2017-04-11,1226.62
1443,2017-04-12,1218.3
1444,2017-04-13,1174.21
1445,2017-04-14,1183.69
1446,2017-04-15,1180.32
1447,2017-04-16,1186.31
1448,2017-04-17,1205.14
1449,2017-04-18,1217.58
1450,2017-04-19,1225.72
1451,2017-04-20,1253.9
1452,2017-04-21,1254.99
1453,2017-04-22,1249.67
1454,2017-04-23,1247.84
1455,2017-04-24,1249.96
1456,2017-04-25,1263.04
1457,2017-04-26,1287.32
1458,2017-04-27,1331.31
1459,2017-04-28,1321.2
1460,2017-04-29,1327.69
1461,2017-04-30,1349.89
1462,2017-05-01,1408.44
1463,2017-05-02,1442.24
1464,2017-05-03,1485.82
1465,2017-05-04,1499.36
1466,2017-05-05,1506.04
1467,2017-05-06,1547.82
1468,2017-05-07,1557.88
1469,2017-05-08,1633.38
1470,2017-05-09,1700.18
1471,2017-05-10,1747.32
1472,2017-05-11,1808.78
1473,2017-05-12,1700.77
1474,2017-05-13,1751.73
1475,2017-05-14,1767.71
1476,2017-05-15,1696.13
1477,2017-05-16,1716.32
1478,2017-05-17,1804.45
1479,2017-05-18,1889.41
1480,2017-05-19,1972.9
1481,2017-05-20,2043.42
1482,2017-05-21,2053.88
1483,2017-05-22,2109.4
1484,2017-05-23,2292.7
1485,2017-05-24,2448.13
1486,2017-05-25,2366.97
1487,2017-05-26,2262.36
1488,2017-05-27,2082.84
1489,2017-05-28,2219.49
1490,2017-05-29,2286.27
1491,2017-05-30,2167.64
1492,2017-05-31,2329.08
1493,2017-06-01,2436.04
1494,2017-06-02,2514.23
1495,2017-06-03,2562.54
1496,2017-06-04,2556.41
1497,2017-06-05,2721.55
1498,2017-06-06,2903.44
1499,2017-06-07,2716.06
1500,2017-06-08,2824.2
1501,2017-06-09,2817.06
1502,2017-06-10,2937.45
1503,2017-06-11,3013.71
1504,2017-06-12,2701.26
1505,2017-06-13,2736.19
1506,2017-06-14,2503.4
1507,2017-06-15,2444.49
1508,2017-06-16,2513.81
1509,2017-06-17,2683.57
1510,2017-06-18,2577.22
1511,2017-06-19,2620.14
1512,2017-06-20,2777.79
1513,2017-06-21,2717.0
1514,2017-06-22,2724.91
1515,2017-06-23,2737.75
1516,2017-06-24,2618.42
1517,2017-06-25,2606.86
1518,2017-06-26,2488.19
1519,2017-06-27,2531.35
1520,2017-06-28,2575.44
1521,2017-06-29,2561.68
1522,2017-06-30,2490.75
1523,2017-07-01,2439.82
1524,2017-07-02,2518.55
1525,2017-07-03,2576.71
1526,2017-07-04,2611.0
1527,2017-07-05,2607.22
1528,2017-07-06,2612.67
1529,2017-07-07,2509.22
1530,2017-07-08,2563.2
1531,2017-07-09,2519.22
1532,2017-07-10,2363.52
1533,2017-07-11,2353.91
1534,2017-07-12,2387.33
1535,2017-07-13,2364.32
1536,2017-07-14,2228.73
1537,2017-07-15,2033.29
1538,2017-07-16,1927.1
1539,2017-07-17,2181.29
1540,2017-07-18,2303.89
1541,2017-07-19,2274.62
1542,2017-07-20,2766.83
1543,2017-07-21,2658.07
1544,2017-07-22,2802.35
1545,2017-07-23,2731.6
1546,2017-07-24,2751.35
1547,2017-07-25,2563.75
1548,2017-07-26,2507.39
1549,2017-07-27,2649.44
1550,2017-07-28,2798.83
1551,2017-07-29,2720.1
1552,2017-07-30,2740.32
1553,2017-07-31,2871.37
1554,2017-08-01,2737.76
1555,2017-08-02,2697.85
1556,2017-08-03,2777.37
1557,2017-08-04,2845.9
1558,2017-08-05,3237.07
1559,2017-08-06,3189.73
1560,2017-08-07,3356.71
1561,2017-08-08,3410.45
1562,2017-08-09,3330.9
1563,2017-08-10,3367.91
1564,2017-08-11,3562.59
1565,2017-08-12,3800.14
1566,2017-08-13,4023.25
1567,2017-08-14,4175.7
1568,2017-08-15,4149.31
1569,2017-08-16,4262.56
1570,2017-08-17,4286.92
1571,2017-08-18,4097.69
1572,2017-08-19,4115.21
1573,2017-08-20,4001.23
1574,2017-08-21,3935.23
1575,2017-08-22,4008.42
1576,2017-08-23,4069.08
1577,2017-08-24,4167.29
1578,2017-08-25,4199.89
1579,2017-08-26,4123.51
1580,2017-08-27,4116.47
1581,2017-08-28,4216.24
1582,2017-08-29,4394.06
1583,2017-08-30,4553.81
1584,2017-08-31,4702.94
1585,2017-09-01,4863.19
1586,2017-09-02,4556.6
1587,2017-09-03,4632.46
1588,2017-09-04,4317.19
1589,2017-09-05,4447.88
1590,2017-09-06,4592.25
1591,2017-09-07,4584.82
1592,2017-09-08,4285.21
1593,2017-09-09,4245.61
1594,2017-09-10,4132.66
1595,2017-09-11,4164.98
1596,2017-09-12,4130.96
1597,2017-09-13,3883.65
1598,2017-09-14,3100.67
1599,2017-09-15,3587.94
1600,2017-09-16,3606.28
1601,2017-09-17,3553.43
1602,2017-09-18,4012.29
1603,2017-09-19,3898.93
1604,2017-09-20,3858.02
1605,2017-09-21,3628.06
1606,2017-09-22,3622.18
1607,2017-09-23,3763.41
1608,2017-09-24,3672.31
1609,2017-09-25,3866.71
1610,2017-09-26,3852.94
1611,2017-09-27,4134.21
1612,2017-09-28,4134.88
1613,2017-09-29,4130.42
1614,2017-09-30,4297.79
1615,2017-10-01,4347.58
1616,2017-10-02,4383.33
1617,2017-10-03,4319.07
1618,2017-10-04,4231.46
1619,2017-10-05,4290.38
1620,2017-10-06,4347.55
1621,2017-10-07,4405.02
1622,2017-10-08,4562.32
1623,2017-10-09,4758.72
1624,2017-10-10,4769.48
1625,2017-10-11,4807.93
1626,2017-10-12,5331.62
1627,2017-10-13,5610.49
1628,2017-10-14,5679.22
1629,2017-10-15,5684.05
1630,2017-10-16,5728.93
1631,2017-10-17,5643.86
1632,2017-10-18,5592.78
1633,2017-10-19,5696.38
1634,2017-10-20,5952.77
1635,2017-10-21,6043.97
1636,2017-10-22,6003.46
1637,2017-10-23,5959.98
1638,2017-10-24,5550.08
1639,2017-10-25,5704.87
1640,2017-10-26,5883.05
1641,2017-10-27,5775.52
1642,2017-10-28,5734.31
1643,2017-10-29,6123.55
1644,2017-10-30,6104.39
1645,2017-10-31,6368.65
1646,2017-11-01,6714.79
1647,2017-11-02,7059.79
1648,2017-11-03,7234.74
1649,2017-11-04,7390.54
1650,2017-11-05,7416.27
1651,2017-11-06,7103.05
1652,2017-11-07,7166.74
1653,2017-11-08,7461.82
1654,2017-11-09,7186.29
1655,2017-11-10,6656.84
1656,2017-11-11,6365.4
1657,2017-11-12,5866.51
1658,2017-11-13,6423.09
1659,2017-11-14,6652.22
1660,2017-11-15,7297.67
1661,2017-11-16,7814.94
1662,2017-11-17,7783.54
1663,2017-11-18,7827.63
1664,2017-11-19,8011.15
1665,2017-11-20,8220.51
1666,2017-11-21,8114.13
1667,2017-11-22,8257.12
1668,2017-11-23,8117.66
1669,2017-11-24,8278.13
1670,2017-11-25,8743.16
1671,2017-11-26,9342.99
1672,2017-11-27,9831.4
1673,2017-11-28,10257.07
1674,2017-11-29,9875.89
1675,2017-11-30,10406.19
1676,2017-12-01,10995.72
1677,2017-12-02,11162.55
1678,2017-12-03,11256.7
1679,2017-12-04,11634.98
1680,2017-12-05,12174.25
1681,2017-12-06,13876.47
1682,2017-12-07,18491.18
1683,2017-12-08,16908.0
1684,2017-12-09,15266.43
1685,2017-12-10,15808.51
1686,2017-12-11,17106.51
1687,2017-12-12,17249.92
1688,2017-12-13,16525.04
1689,2017-12-14,16865.36
1690,2017-12-15,17978.63
1691,2017-12-16,19665.39
1692,2017-12-17,19423.58
1693,2017-12-18,19188.05
1694,2017-12-19,18174.19
1695,2017-12-20,17059.89
1696,2017-12-21,16355.24
1697,2017-12-22,14084.82
1698,2017-12-23,15241.92
1699,2017-12-24,14451.11
1700,2017-12-25,14302.75
1701,2017-12-26,16616.68
1702,2017-12-27,16373.08
1703,2017-12-28,15067.9
1704,2017-12-29,15096.56
1705,2017-12-30,13620.36
1706,2017-12-31,14839.59
1707,2018-01-01,14093.61
1708,2018-01-02,15321.93
1709,2018-01-03,15583.89
1710,2018-01-04,15976.37
1711,2018-01-05,18336.92
1712,2018-01-06,18343.66
1713,2018-01-07,17039.87
1714,2018-01-08,15900.37
1715,2018-01-09,15604.72
1716,2018-01-10,15509.27
1717,2018-01-11,14050.57
1718,2018-01-12,14759.29
1719,2018-01-13,15193.31
1720,2018-01-14,14476.59
1721,2018-01-15,14412.0
1722,2018-01-16,11723.91
1723,2018-01-17,11415.39
1724,2018-01-18,11569.42
1725,2018-01-19,11758.47
1726,2018-01-20,13260.27
1727,2018-01-21,11703.5
1728,2018-01-22,10991.6
1729,2018-01-23,10894.0
1730,2018-01-24,11277.12
1731,2018-01-25,11225.25
1732,2018-01-26,11044.91
1733,2018-01-27,11456.21
1734,2018-01-28,11665.7
1735,2018-01-29,11157.66
1736,2018-01-30,11095.21
1737,2018-01-31,9989.69
1738,2018-02-01,10114.5
1739,2018-02-02,9070.56
1740,2018-02-03,8830.16
1741,2018-02-04,8994.91
1742,2018-02-05,8315.52
1743,2018-02-06,6852.05
1744,2018-02-07,7711.22
1745,2018-02-08,7611.61
1746,2018-02-09,8208.57
1747,2018-02-10,8650.72
1748,2018-02-11,8574.68
1749,2018-02-12,8168.64
1750,2018-02-13,8911.4
1751,2018-02-14,8518.27
1752,2018-02-15,9428.03
1753,2018-02-16,10112.58
1754,2018-02-17,10155.28
1755,2018-02-18,11006.65
1756,2018-02-19,10523.43
1757,2018-02-20,11103.09
1758,2018-02-21,11502.38
1759,2018-02-22,9973.59
1760,2018-02-23,10032.86
1761,2018-02-24,10301.88
1762,2018-02-25,9742.63
1763,2018-02-26,9699.52
1764,2018-02-27,10355.58
1765,2018-02-28,10709.39
1766,2018-03-01,10346.66
1767,2018-03-02,10859.55
1768,2018-03-03,11098.08
1769,2018-03-04,11356.04
1770,2018-03-05,11286.68
1771,2018-03-06,11526.42
1772,2018-03-07,10727.72
1773,2018-03-08,9999.68
1774,2018-03-09,9420.85
1775,2018-03-10,9276.34
1776,2018-03-11,8890.87
1777,2018-03-12,9512.46
1778,2018-03-13,9232.71
1779,2018-03-14,9216.53
1780,2018-03-15,8307.22
1781,2018-03-16,8359.37
1782,2018-03-17,8520.01
1783,2018-03-18,8063.41
1784,2018-03-19,8217.84
1785,2018-03-20,8640.52
1786,2018-03-21,8926.82
1787,2018-03-22,8970.32
1788,2018-03-23,8736.39
1789,2018-03-24,8824.59
1790,2018-03-25,8621.15
1791,2018-03-26,8478.64
1792,2018-03-27,8186.2
1793,2018-03-28,7836.76
1794,2018-03-29,7930.78
1795,2018-03-30,7126.9
1796,2018-03-31,6897.27
1797,2018-04-01,6975.28
1798,2018-04-02,6836.57
1799,2018-04-03,7080.42
1800,2018-04-04,7464.36
1801,2018-04-05,6845.32
1802,2018-04-06,6855.42
1803,2018-04-07,6628.75
1804,2018-04-08,6884.48
1805,2018-04-09,6984.81
1806,2018-04-10,6778.49
1807,2018-04-11,6829.32
1808,2018-04-12,6925.1
1809,2018-04-13,7836.4
1810,2018-04-14,7845.75
1811,2018-04-15,7897.72
1812,2018-04-16,8258.07
1813,2018-04-17,8031.0
1814,2018-04-18,7873.64
1815,2018-04-19,8097.42
1816,2018-04-20,8277.46
1817,2018-04-21,8499.45
1818,2018-04-22,8878.43
1819,2018-04-23,8769.01
1820,2018-04-24,8881.39
1821,2018-04-25,9716.49
1822,2018-04-26,8825.2
1823,2018-04-27,9221.87
1824,2018-04-28,8940.38
1825,2018-04-29,9249.66
1826,2018-04-30,9325.63
1827,2018-05-01,9198.19
1828,2018-05-02,9024.39
1829,2018-05-03,9122.65
1830,2018-05-04,9551.14
1831,2018-05-05,9634.54
1832,2018-05-06,9766.24
1833,2018-05-07,9583.87
1834,2018-05-08,9308.27
1835,2018-05-09,9149.52
1836,2018-05-10,9248.96
1837,2018-05-11,8969.94
1838,2018-05-12,8405.56
1839,2018-05-13,8480.58
1840,2018-05-14,8683.99
1841,2018-05-15,8696.97
1842,2018-05-16,8473.35
1843,2018-05-17,8343.13
1844,2018-05-18,8056.05
1845,2018-05-19,8202.83
1846,2018-05-20,8180.63
1847,2018-05-21,8443.26
1848,2018-05-22,8355.0
1849,2018-05-23,8009.3
1850,2018-05-24,7556.32
1851,2018-05-25,7563.44
1852,2018-05-26,7472.02
1853,2018-05-27,7328.87
1854,2018-05-28,7326.64
1855,2018-05-29,7111.07
1856,2018-05-30,7451.23
1857,2018-05-31,7380.85
1858,2018-06-01,7460.17
1859,2018-06-02,7487.08
1860,2018-06-03,7567.51
1861,2018-06-04,7639.88
1862,2018-06-05,7463.65
1863,2018-06-06,7569.01
1864,2018-06-07,7605.58
1865,2018-06-08,7613.78
1866,2018-06-09,7561.17
1867,2018-06-10,7415.0
1868,2018-06-11,6767.5
1869,2018-06-12,6880.13
1870,2018-06-13,6581.83
1871,2018-06-14,6334.1
1872,2018-06-15,6644.72
1873,2018-06-16,6406.81
1874,2018-06-17,6478.82
1875,2018-06-18,6418.85
1876,2018-06-19,6677.53
1877,2018-06-20,6708.68
1878,2018-06-21,6714.38
1879,2018-06-22,6690.83
1880,2018-06-23,6088.58
1881,2018-06-24,6169.44
1882,2018-06-25,6159.71
1883,2018-06-26,6241.85
1884,2018-06-27,6069.87
1885,2018-06-28,6117.04
1886,2018-06-29,5879.99
1887,2018-06-30,6182.26
1888,2018-07-01,6366.5
1889,2018-07-02,6312.88
1890,2018-07-03,6595.55
1891,2018-07-04,6497.61
1892,2018-07-05,6562.72
1893,2018-07-06,6537.74
1894,2018-07-07,6603.29
1895,2018-07-08,6759.84
1896,2018-07-09,6700.64
1897,2018-07-10,6648.26
1898,2018-07-11,6303.38
1899,2018-07-12,6373.23
1900,2018-07-13,6230.59
1901,2018-07-14,6248.4
1902,2018-07-15,6246.14
1903,2018-07-16,6349.7
1904,2018-07-17,6741.69
1905,2018-07-18,7303.37
1906,2018-07-19,7334.77
1907,2018-07-20,7442.8
1908,2018-07-21,7331.87
1909,2018-07-22,7379.14
1910,2018-07-23,7395.87
1911,2018-07-24,7705.0
1912,2018-07-25,8422.37
1913,2018-07-26,8144.55
1914,2018-07-27,7929.08
1915,2018-07-28,8145.33
1916,2018-07-29,8192.14
1917,2018-07-30,8197.59
1918,2018-07-31,8185.92
1919,2018-08-01,7738.25
1920,2018-08-02,7612.3
1921,2018-08-03,7540.63
1922,2018-08-04,7411.67
1923,2018-08-05,7009.01
1924,2018-08-06,7036.61
1925,2018-08-07,6926.12
1926,2018-08-08,6711.73
1927,2018-08-09,6259.53
1928,2018-08-10,6531.25
1929,2018-08-11,6166.59
1930,2018-08-12,6205.22
1931,2018-08-13,6318.41
1932,2018-08-14,6284.0
1933,2018-08-15,6212.23
1934,2018-08-16,6267.77
1935,2018-08-17,6309.39
1936,2018-08-18,6566.72
1937,2018-08-19,6382.06
1938,2018-08-20,6475.49
1939,2018-08-21,6242.88
1940,2018-08-22,6467.27
1941,2018-08-23,6336.66
1942,2018-08-24,6521.07
1943,2018-08-25,6684.38
1944,2018-08-26,6736.04
1945,2018-08-27,6728.29
1946,2018-08-28,6911.1
1947,2018-08-29,7075.98
1948,2018-08-30,7046.75
1949,2018-08-31,7024.15
1950,2018-09-01,7027.63
1951,2018-09-02,7211.27
1952,2018-09-03,7305.27
1953,2018-09-04,7260.9
1954,2018-09-05,7359.46
1955,2018-09-06,6764.93
1956,2018-09-07,6498.28
1957,2018-09-08,6397.82
1958,2018-09-09,6181.19
1959,2018-09-10,6260.76
1960,2018-09-11,6308.14
1961,2018-09-12,6278.92
1962,2018-09-13,6330.57
1963,2018-09-14,6486.46
1964,2018-09-15,6500.01
1965,2018-09-16,6530.22
1966,2018-09-17,6506.25
1967,2018-09-18,6250.12
1968,2018-09-19,6347.07
1969,2018-09-20,6383.75
1970,2018-09-21,6491.89
1971,2018-09-22,6753.83
1972,2018-09-23,6747.03
1973,2018-09-24,6711.03
1974,2018-09-25,6596.19
1975,2018-09-26,6441.31
1976,2018-09-27,6462.8
1977,2018-09-28,6704.7
1978,2018-09-29,6634.77
1979,2018-09-30,6606.07
1980,2018-10-01,6626.04
1981,2018-10-02,6598.84
1982,2018-10-03,6524.61
1983,2018-10-04,6499.26
1984,2018-10-05,6578.7
1985,2018-10-06,6621.19
1986,2018-10-07,6589.12
1987,2018-10-08,6584.83
1988,2018-10-09,6653.09
1989,2018-10-10,6633.75
1990,2018-10-11,6582.46
1991,2018-10-12,6234.37
1992,2018-10-13,6285.59
1993,2018-10-14,6314.88
1994,2018-10-15,6328.55
1995,2018-10-16,6659.88
1996,2018-10-17,6635.13
1997,2018-10-18,6635.74
1998,2018-10-19,6517.51
1999,2018-10-20,6483.83
2000,2018-10-21,6532.68
2001,2018-10-22,6529.67
2002,2018-10-23,6512.59
2003,2018-10-24,6472.8
2004,2018-10-25,6481.44
2005,2018-10-26,6458.19
2006,2018-10-27,6468.83
2007,2018-10-28,6457.06
2008,2018-10-29,6481.32
2009,2018-10-30,6292.65
2010,2018-10-31,6331.78
2011,2018-11-01,6366.72
2012,2018-11-02,6379.97
2013,2018-11-03,6425.44
2014,2018-11-04,6388.19
2015,2018-11-05,6351.06
2016,2018-11-06,6415.44
2017,2018-11-07,6474.85
2018,2018-11-08,6574.8
2019,2018-11-09,6490.45
2020,2018-11-10,6413.78
2021,2018-11-11,6429.9
2022,2018-11-12,6434.28
2023,2018-11-13,6411.35
2024,2018-11-14,6394.29
2025,2018-11-15,5788.61
2026,2018-11-16,5686.54
2027,2018-11-17,5609.96
2028,2018-11-18,5599.19
2029,2018-11-19,5638.86
2030,2018-11-20,4889.2
2031,2018-11-21,4450.71
2032,2018-11-22,4613.45
2033,2018-11-23,4307.39
2034,2018-11-24,4376.9
2035,2018-11-25,3895.84
2036,2018-11-26,4039.84
2037,2018-11-27,3811.92
2038,2018-11-28,3832.92
2039,2018-11-29,4267.24
2040,2018-11-30,4279.48
2041,2018-12-01,4009.69
2042,2018-12-02,4189.57
2043,2018-12-03,4124.59
2044,2018-12-04,3878.84
2045,2018-12-05,3943.69
2046,2018-12-06,3751.69
2047,2018-12-07,3466.76
2048,2018-12-08,3408.52
2049,2018-12-09,3424.71
2050,2018-12-10,3550.55
2051,2018-12-11,3433.81
2052,2018-12-12,3378.81
2053,2018-12-13,3438.1
2054,2018-12-14,3294.64
2055,2018-12-15,3216.63
2056,2018-12-16,3221.98
2057,2018-12-17,3217.05
2058,2018-12-18,3506.22
2059,2018-12-19,3655.78
2060,2018-12-20,3687.75
2061,2018-12-21,4065.1
2062,2018-12-22,3846.23
2063,2018-12-23,3960.57
2064,2018-12-24,3941.62
2065,2018-12-25,4021.99
2066,2018-12-26,3759.18
2067,2018-12-27,3781.61
2068,2018-12-28,3587.7
2069,2018-12-29,3854.42
2070,2018-12-30,3778.19
2071,2018-12-31,3809.73
2072,2019-01-01,3692.53
2073,2019-01-02,3794.26
2074,2019-01-03,3872.17
2075,2019-01-04,3776.53
2076,2019-01-05,3815.27
2077,2019-01-06,3787.31
2078,2019-01-07,4013.52
2079,2019-01-08,3989.67
2080,2019-01-09,3973.59
2081,2019-01-10,3982.23
2082,2019-01-11,3623.85
2083,2019-01-12,3632.85
2084,2019-01-13,3598.44
2085,2019-01-14,3495.83
2086,2019-01-15,3648.05
2087,2019-01-16,3567.8
2088,2019-01-17,3597.65
2089,2019-01-18,3620.98
2090,2019-01-19,3597.79
2091,2019-01-20,3674.59
2092,2019-01-21,3539.17
2093,2019-01-22,3531.0
2094,2019-01-23,3571.27
2095,2019-01-24,3555.7
2096,2019-01-25,3565.64
2097,2019-01-26,3564.82
2098,2019-01-27,3563.61
2099,2019-01-28,3553.12
2100,2019-01-29,3432.22
2101,2019-01-30,3413.38
2102,2019-01-31,3457.88
2103,2019-02-01,3431.94
2104,2019-02-02,3464.49
2105,2019-02-03,3486.58
2106,2019-02-04,3454.03
2107,2019-02-05,3464.0
2108,2019-02-06,3469.89
2109,2019-02-07,3405.84
2110,2019-02-08,3394.01
2111,2019-02-09,3664.28
2112,2019-02-10,3667.41
2113,2019-02-11,3675.69
2114,2019-02-12,3631.44
2115,2019-02-13,3633.97
2116,2019-02-14,3610.06
2117,2019-02-15,3589.66
2118,2019-02-16,3601.23
2119,2019-02-17,3622.59
2120,2019-02-18,3665.08
2121,2019-02-19,3886.52
2122,2019-02-20,3915.01
2123,2019-02-21,3976.81
2124,2019-02-22,3934.81
2125,2019-02-23,3973.64
2126,2019-02-24,4115.34
2127,2019-02-25,3742.87
2128,2019-02-26,3824.68
2129,2019-02-27,3809.21
2130,2019-02-28,3813.38
2131,2019-03-01,3815.61
2132,2019-03-02,3815.75
2133,2019-03-03,3819.65
2134,2019-03-04,3806.95
2135,2019-03-05,3712.81
2136,2019-03-06,3852.46
2137,2019-03-07,3860.51
2138,2019-03-08,3871.64
2139,2019-03-09,3861.88
2140,2019-03-10,3941.6
2141,2019-03-11,3923.56
2142,2019-03-12,3860.36
2143,2019-03-13,3876.48
2144,2019-03-14,3865.82
2145,2019-03-15,3876.7
2146,2019-03-16,3925.46
2147,2019-03-17,4007.71
2148,2019-03-18,3980.99
2149,2019-03-19,3986.71
2150,2019-03-20,4013.58
2151,2019-03-21,4045.57
2152,2019-03-22,3983.32
2153,2019-03-23,3989.16
2154,2019-03-24,4008.95
2155,2019-03-25,3993.39
2156,2019-03-26,3927.58
2157,2019-03-27,3938.66
2158,2019-03-28,4036.16
2159,2019-03-29,4028.39
2160,2019-03-30,4103.32
2161,2019-03-31,4103.86
2162,2019-04-01,4103.52
2163,2019-04-02,4146.32
2164,2019-04-03,4862.23
2165,2019-04-04,4955.83
2166,2019-04-05,4899.02
2167,2019-04-06,5014.96
2168,2019-04-07,5041.87
2169,2019-04-08,5176.98
2170,2019-04-09,5266.89
2171,2019-04-10,5172.18
2172,2019-04-11,5308.91
2173,2019-04-12,5047.79
2174,2019-04-13,5082.47
2175,2019-04-14,5072.99
2176,2019-04-15,5149.31
2177,2019-04-16,5039.88
2178,2019-04-17,5213.6
2179,2019-04-18,5218.96
2180,2019-04-19,5274.77
2181,2019-04-20,5280.35
2182,2019-04-21,5307.69
2183,2019-04-22,5311.16
2184,2019-04-23,5380.94
2185,2019-04-24,5557.93
2186,2019-04-25,5452.1
2187,2019-04-26,5203.09
2188,2019-04-27,5295.85
2189,2019-04-28,5256.98
2190,2019-04-29,5257.8
2191,2019-04-30,5199.76
2192,2019-05-01,5292.8
2193,2019-05-02,5354.59
2194,2019-05-03,5450.71
2195,2019-05-04,5731.49
2196,2019-05-05,5803.94
2197,2019-05-06,5749.32
2198,2019-05-07,5715.76
2199,2019-05-08,5841.05
2200,2019-05-09,5957.86
2201,2019-05-10,6168.27
2202,2019-05-11,6370.23
2203,2019-05-12,7258.26
2204,2019-05-13,6953.75
2205,2019-05-14,7805.98
2206,2019-05-15,7990.06
2207,2019-05-16,8192.22
2208,2019-05-17,7875.91
2209,2019-05-18,7343.37
2210,2019-05-19,7300.66
2211,2019-05-20,8168.73
2212,2019-05-21,7976.85
2213,2019-05-22,7958.37
2214,2019-05-23,7665.8
2215,2019-05-24,7861.81
2216,2019-05-25,7977.24
2217,2019-05-26,8037.63
2218,2019-05-27,8631.08
2219,2019-05-28,8816.03
2220,2019-05-29,8726.98
2221,2019-05-30,8650.68
2222,2019-05-31,8310.89
2223,2019-06-01,8575.65
2224,2019-06-02,8554.26
2225,2019-06-03,8743.71
2226,2019-06-04,8173.63
2227,2019-06-05,7683.64
2228,2019-06-06,7812.45
2229,2019-06-07,7821.12
2230,2019-06-08,8036.11
2231,2019-06-09,7942.54
2232,2019-06-10,7668.03
2233,2019-06-11,8002.73
2234,2019-06-12,7897.98
2235,2019-06-13,8145.06
2236,2019-06-14,8227.63
2237,2019-06-15,8671.51
2238,2019-06-16,8818.61
2239,2019-06-17,8978.77
2240,2019-06-18,9312.87
2241,2019-06-19,9094.02
2242,2019-06-20,9285.93
2243,2019-06-21,9548.31
2244,2019-06-22,10118.36
2245,2019-06-23,10704.92
2246,2019-06-24,10846.13
2247,2019-06-25,11045.55
2248,2019-06-26,11808.42
2249,2019-06-27,12996.12
2250,2019-06-28,11178.68
2251,2019-06-29,12352.2
2252,2019-06-30,11972.56
2253,2019-07-01,10888.1
2254,2019-07-02,10639.05
2255,2019-07-03,10822.76
2256,2019-07-04,11975.64
2257,2019-07-05,11229.61
2258,2019-07-06,10987.25
2259,2019-07-07,11279.48
2260,2019-07-08,11436.43
2261,2019-07-09,12260.28
2262,2019-07-10,12544.17
2263,2019-07-11,12166.4
2264,2019-07-12,11385.06
2265,2019-07-13,11804.56
2266,2019-07-14,11418.51
2267,2019-07-15,10285.46
2268,2019-07-16,10911.35
2269,2019-07-17,9538.83
2270,2019-07-18,9657.3
2271,2019-07-19,10636.16
2272,2019-07-20,10536.57
2273,2019-07-21,10774.28
2274,2019-07-22,10607.46
2275,2019-07-23,10343.32
2276,2019-07-24,9936.38
2277,2019-07-25,9799.31
2278,2019-07-26,9878.23
2279,2019-07-27,9846.0
2280,2019-07-28,9447.68
2281,2019-07-29,9534.76
2282,2019-07-30,9510.59
2283,2019-07-31,9568.44
2284,2019-08-01,10063.0
2285,2019-08-02,10361.31
2286,2019-08-03,10529.17
2287,2019-08-04,10791.2
2288,2019-08-05,10951.59
2289,2019-08-06,11818.53
2290,2019-08-07,11510.16
2291,2019-08-08,11970.66
2292,2019-08-09,12024.33
2293,2019-08-10,11852.56
2294,2019-08-11,11327.84
2295,2019-08-12,11550.0
2296,2019-08-13,11381.24
2297,2019-08-14,10903.65
2298,2019-08-15,10016.22
2299,2019-08-16,10295.88
2300,2019-08-17,10324.99
2301,2019-08-18,10224.22
2302,2019-08-19,10309.87
2303,2019-08-20,10895.97
2304,2019-08-21,10743.79
2305,2019-08-22,10124.06
2306,2019-08-23,10127.79
2307,2019-08-24,10385.51
2308,2019-08-25,10145.01
2309,2019-08-26,10090.06
2310,2019-08-27,10334.91
2311,2019-08-28,10167.89
2312,2019-08-29,9753.49
2313,2019-08-30,9485.14
2314,2019-08-31,9588.99
2315,2019-09-01,9607.29
2316,2019-09-02,9729.27
2317,2019-09-03,10323.02
2318,2019-09-04,10620.17
2319,2019-09-05,10573.52
2320,2019-09-06,10570.25
2321,2019-09-07,10350.75
2322,2019-09-08,10461.55
2323,2019-09-09,10404.33
2324,2019-09-10,10321.93
2325,2019-09-11,10121.1
2326,2019-09-12,10150.71
2327,2019-09-13,10401.32
2328,2019-09-14,10355.63
2329,2019-09-15,10349.55
2330,2019-09-16,10305.68
2331,2019-09-17,10268.42
2332,2019-09-18,10203.07
2333,2019-09-19,10158.85
2334,2019-09-20,10253.23
2335,2019-09-21,10178.44
2336,2019-09-22,9997.2
2337,2019-09-23,10041.3
2338,2019-09-24,9699.5
2339,2019-09-25,8702.71
2340,2019-09-26,8446.24
2341,2019-09-27,8098.81
2342,2019-09-28,8183.48
2343,2019-09-29,8225.11
2344,2019-09-30,8064.38
2345,2019-10-01,8271.29
2346,2019-10-02,8366.5
2347,2019-10-03,8350.13
2348,2019-10-04,8176.35
2349,2019-10-05,8156.52
2350,2019-10-06,8140.24
2351,2019-10-07,7890.23
2352,2019-10-08,8182.25
2353,2019-10-09,8180.69
2354,2019-10-10,8573.06
2355,2019-10-11,8561.52
2356,2019-10-12,8277.85
2357,2019-10-13,8308.47
2358,2019-10-14,8289.5
2359,2019-10-15,8347.35
2360,2019-10-16,8175.86
2361,2019-10-17,8010.3
2362,2019-10-18,8079.93
2363,2019-10-19,7957.31
2364,2019-10-20,7949.8
2365,2019-10-21,8208.36
2366,2019-10-22,8220.92
2367,2019-10-23,8045.29
2368,2019-10-24,7468.53
2369,2019-10-25,7433.92
2370,2019-10-26,8652.03
2371,2019-10-27,9217.24
2372,2019-10-28,9502.02
2373,2019-10-29,9239.9
2374,2019-10-30,9407.16
2375,2019-10-31,9171.87
2376,2019-11-01,9151.82
2377,2019-11-02,9233.41
2378,2019-11-03,9302.83
2379,2019-11-04,9204.29
2380,2019-11-05,9378.95
2381,2019-11-06,9300.37
2382,2019-11-07,9340.05
2383,2019-11-08,9221.07
2384,2019-11-09,8795.9
2385,2019-11-10,8809.78
2386,2019-11-11,9043.67
2387,2019-11-12,8729.92
2388,2019-11-13,8806.75
2389,2019-11-14,8770.78
2390,2019-11-15,8652.03
2391,2019-11-16,8480.44
2392,2019-11-17,8496.38
2393,2019-11-18,8508.5
2394,2019-11-19,8202.83
2395,2019-11-20,8138.83
2396,2019-11-21,8095.87
2397,2019-11-22,7632.49
2398,2019-11-23,7293.01
2399,2019-11-24,7309.69
2400,2019-11-25,6935.74
2401,2019-11-26,7118.26
2402,2019-11-27,7157.68
2403,2019-11-28,7483.75
2404,2019-11-29,7438.62
2405,2019-11-30,7720.87
2406,2019-12-01,7556.4
2407,2019-12-02,7405.81
2408,2019-12-03,7308.98
2409,2019-12-04,7286.08
2410,2019-12-05,7209.97
2411,2019-12-06,7373.78
2412,2019-12-07,7530.92
2413,2019-12-08,7493.55
2414,2019-12-09,7508.32
2415,2019-12-10,7347.04
2416,2019-12-11,7233.95
2417,2019-12-12,7197.43
2418,2019-12-13,7200.71
2419,2019-12-14,7247.35
2420,2019-12-15,7081.74
2421,2019-12-16,7108.56
2422,2019-12-17,6901.04
2423,2019-12-18,6627.16
2424,2019-12-19,7274.77
2425,2019-12-20,7152.56
2426,2019-12-21,7185.44
2427,2019-12-22,7141.55
2428,2019-12-23,7488.2
2429,2019-12-24,7335.21
2430,2019-12-25,7266.61
2431,2019-12-26,7204.18
2432,2019-12-27,7208.49
2433,2019-12-28,7247.62
2434,2019-12-29,7307.89
2435,2019-12-30,7394.03
2436,2019-12-31,7240.43
2437,2020-01-01,7195.15
2438,2020-01-02,7193.75
2439,2020-01-03,6963.85
2440,2020-01-04,7300.35
2441,2020-01-05,7351.38
2442,2020-01-06,7349.97
2443,2020-01-07,7734.68
2444,2020-01-08,8147.42
2445,2020-01-09,8045.79
2446,2020-01-10,7832.8
2447,2020-01-11,8180.51
2448,2020-01-12,8012.09
2449,2020-01-13,8171.4
2450,2020-01-14,8110.65
2451,2020-01-15,8801.87
2452,2020-01-16,8820.85
2453,2020-01-17,8720.92
2454,2020-01-18,8902.57
2455,2020-01-19,8906.9
2456,2020-01-20,8690.38
2457,2020-01-21,8631.25
2458,2020-01-22,8724.82
2459,2020-01-23,8665.44
2460,2020-01-24,8415.96
2461,2020-01-25,8432.1
2462,2020-01-26,8348.67
2463,2020-01-27,8595.73
2464,2020-01-28,8879.34
2465,2020-01-29,9320.81
2466,2020-01-30,9276.89
2467,2020-01-31,9509.81
2468,2020-02-01,9308.06
2469,2020-02-02,9363.22
2470,2020-02-03,9338.42
2471,2020-02-04,9308.91
2472,2020-02-05,9179.96
2473,2020-02-06,9592.18
2474,2020-02-07,9744.64
2475,2020-02-08,9799.45
2476,2020-02-09,9890.7
2477,2020-02-10,10148.38
2478,2020-02-11,9890.12
2479,2020-02-12,10226.93
2480,2020-02-13,10328.9
2481,2020-02-14,10221.26
2482,2020-02-15,10320.16
2483,2020-02-16,9894.14
2484,2020-02-17,9943.67
2485,2020-02-18,9723.61
2486,2020-02-19,10133.82
2487,2020-02-20,9618.41
2488,2020-02-21,9608.17
2489,2020-02-22,9673.01
2490,2020-02-23,9658.61
2491,2020-02-24,9946.72
2492,2020-02-25,9670.96
2493,2020-02-26,9345.34
2494,2020-02-27,8801.66
2495,2020-02-28,8781.18
2496,2020-02-29,8717.33
2497,2020-03-01,8552.99
2498,2020-03-02,8567.8
2499,2020-03-03,8905.88
2500,2020-03-04,8756.72
2501,2020-03-05,8758.65
2502,2020-03-06,9038.87
2503,2020-03-07,9135.85
2504,2020-03-08,8902.2
2505,2020-03-09,8041.37
2506,2020-03-10,7921.33
2507,2020-03-11,7906.73
2508,2020-03-12,7935.52
2509,2020-03-13,5142.99
2510,2020-03-14,5542.82
2511,2020-03-15,5214.19
2512,2020-03-16,5397.93
2513,2020-03-17,5032.5
2514,2020-03-18,5389.42
2515,2020-03-19,5376.28
2516,2020-03-20,6170.2
2517,2020-03-21,6195.6
2518,2020-03-22,6145.77
2519,2020-03-23,5859.65
2520,2020-03-24,6456.35
2521,2020-03-25,6730.17
2522,2020-03-26,6695.9
2523,2020-03-27,6765.56
2524,2020-03-28,6397.83
2525,2020-03-29,6255.0
2526,2020-03-30,5915.34
2527,2020-03-31,6403.14
2528,2020-04-01,6421.71
2529,2020-04-02,6640.8
2530,2020-04-03,6807.9
2531,2020-04-04,6732.85
2532,2020-04-05,6859.42
2533,2020-04-06,6788.05
2534,2020-04-07,7297.64
2535,2020-04-08,7196.78
2536,2020-04-09,7342.29
2537,2020-04-10,7294.49
2538,2020-04-11,6864.69
2539,2020-04-12,6878.78
2540,2020-04-13,6913.16
2541,2020-04-14,6857.54
2542,2020-04-15,6860.18
2543,2020-04-16,6629.43
2544,2020-04-17,7059.93
2545,2020-04-18,7035.26
2546,2020-04-19,7242.51
2547,2020-04-20,7127.51
2548,2020-04-21,6856.46
2549,2020-04-22,6842.04
2550,2020-04-23,7110.0
2551,2020-04-24,7382.79
2552,2020-04-25,7495.39
2553,2020-04-26,7538.56
2554,2020-04-27,7683.87
2555,2020-04-28,7774.28
2556,2020-04-29,7758.23
2557,2020-04-30,8744.43
2558,2020-05-01,8610.64
2559,2020-05-02,8824.82
2560,2020-05-03,8966.31
2561,2020-05-04,8888.67
2562,2020-05-05,8884.41
2563,2020-05-06,9003.24
2564,2020-05-07,9144.69
2565,2020-05-08,9959.17
2566,2020-05-09,9821.81
2567,2020-05-10,9566.78
2568,2020-05-11,8752.62
2569,2020-05-12,8604.75
2570,2020-05-13,8788.47
2571,2020-05-14,9283.09
2572,2020-05-15,9796.49
2573,2020-05-16,9309.3
2574,2020-05-17,9375.3
2575,2020-05-18,9666.33
2576,2020-05-19,9708.44
2577,2020-05-20,9760.2
2578,2020-05-21,9526.51
2579,2020-05-22,9059.96
2580,2020-05-23,9131.77
2581,2020-05-24,9170.36
2582,2020-05-25,8731.85
2583,2020-05-26,8883.69
2584,2020-05-27,8839.13
2585,2020-05-28,9174.12
2586,2020-05-29,9546.05
2587,2020-05-30,9427.12
2588,2020-05-31,9662.71
2589,2020-06-01,9466.96
2590,2020-06-02,10167.93
2591,2020-06-03,9515.24
2592,2020-06-04,9645.23
2593,2020-06-05,9776.2
2594,2020-06-06,9636.97
2595,2020-06-07,9662.86
2596,2020-06-08,9738.6
2597,2020-06-09,9773.03
2598,2020-06-10,9767.01
2599,2020-06-11,9874.9
2600,2020-06-12,9326.0
2601,2020-06-13,9469.53
2602,2020-06-14,9469.47
2603,2020-06-15,9345.96
2604,2020-06-16,9431.72
2605,2020-06-17,9524.93
2606,2020-06-18,9463.36
2607,2020-06-19,9399.77
2608,2020-06-20,9312.78
2609,2020-06-21,9360.25
2610,2020-06-22,9298.36
2611,2020-06-23,9678.68
2612,2020-06-24,9624.68
2613,2020-06-25,9288.06
2614,2020-06-26,9258.67
2615,2020-06-27,9166.49
2616,2020-06-28,9013.91
2617,2020-06-29,9139.9
2618,2020-06-30,9185.17
2619,2020-07-01,9149.72
2620,2020-07-02,9230.67
2621,2020-07-03,9094.32
2622,2020-07-04,9071.39
2623,2020-07-05,9132.91
2624,2020-07-06,9087.41
2625,2020-07-07,9342.38
2626,2020-07-08,9253.63
2627,2020-07-09,9432.17
2628,2020-07-10,9235.72
2629,2020-07-11,9282.91
2630,2020-07-12,9234.31
2631,2020-07-13,9297.48
2632,2020-07-14,9240.76
2633,2020-07-15,9247.06
2634,2020-07-16,9203.37
2635,2020-07-17,9136.48
2636,2020-07-18,9156.28
2637,2020-07-19,9168.4
2638,2020-07-20,9202.62
2639,2020-07-21,9163.16
2640,2020-07-22,9384.38
2641,2020-07-23,9514.3
2642,2020-07-24,9589.82
2643,2020-07-25,9535.94
2644,2020-07-26,9691.83
2645,2020-07-27,9925.75
2646,2020-07-28,10962.26
2647,2020-07-29,10904.92
2648,2020-07-30,11093.61
2649,2020-07-31,11116.31
2650,2020-08-01,11325.55
2651,2020-08-02,11812.09
2652,2020-08-03,11066.31
2653,2020-08-04,11230.91
2654,2020-08-05,11181.92
2655,2020-08-06,11719.26
2656,2020-08-07,11768.13
2657,2020-08-08,11571.49
2658,2020-08-09,11739.13
2659,2020-08-10,11682.85
2660,2020-08-11,11862.94
2661,2020-08-12,11398.67
2662,2020-08-13,11579.87
2663,2020-08-14,11817.16
2664,2020-08-15,11777.39
2665,2020-08-16,11864.91
2666,2020-08-17,11901.78
2667,2020-08-18,12272.47
2668,2020-08-19,11949.61
2669,2020-08-20,11733.28
2670,2020-08-21,11861.84
2671,2020-08-22,11515.12
2672,2020-08-23,11676.39
2673,2020-08-24,11647.93
2674,2020-08-25,11758.83
2675,2020-08-26,11350.75
2676,2020-08-27,11465.0
2677,2020-08-28,11300.4
2678,2020-08-29,11519.12
2679,2020-08-30,11481.48
2680,2020-08-31,11701.0
2681,2020-09-01,11672.32
2682,2020-09-02,11895.23
2683,2020-09-03,11418.25
2684,2020-09-04,10197.46
2685,2020-09-05,10484.47
2686,2020-09-06,10177.79
2687,2020-09-07,10260.02
2688,2020-09-08,10359.45
2689,2020-09-09,10125.01
2690,2020-09-10,10230.15
2691,2020-09-11,10342.16
2692,2020-09-12,10378.22
2693,2020-09-13,10439.38
2694,2020-09-14,10328.87
2695,2020-09-15,10661.1
2696,2020-09-16,10787.58
2697,2020-09-17,10952.25
2698,2020-09-18,10938.0
2699,2020-09-19,10927.15
2700,2020-09-20,11084.0
2701,2020-09-21,10923.33
2702,2020-09-22,10439.52
2703,2020-09-23,10527.59
2704,2020-09-24,10223.78
2705,2020-09-25,10726.53
2706,2020-09-26,10681.99
2707,2020-09-27,10743.19
2708,2020-09-28,10765.3
2709,2020-09-29,10672.03
2710,2020-09-30,10837.52
2711,2020-10-01,10770.88
2712,2020-10-02,10627.98
2713,2020-10-03,10572.67
2714,2020-10-04,10546.66
2715,2020-10-05,10670.7
2716,2020-10-06,10784.95
2717,2020-10-07,10605.96
2718,2020-10-08,10668.01
2719,2020-10-09,10888.67
2720,2020-10-10,11063.25
2721,2020-10-11,11286.54
2722,2020-10-12,11377.81
2723,2020-10-13,11543.18
2724,2020-10-14,11426.11
2725,2020-10-15,11435.57
2726,2020-10-16,11495.58
2727,2020-10-17,11319.1
2728,2020-10-18,11365.81
2729,2020-10-19,11495.9
2730,2020-10-20,11752.15
2731,2020-10-21,11908.71
2732,2020-10-22,12806.44
2733,2020-10-23,12951.04
2734,2020-10-24,12928.07
2735,2020-10-25,13106.05
2736,2020-10-26,13021.41
2737,2020-10-27,13060.79
2738,2020-10-28,13655.19
2739,2020-10-29,13283.0
2740,2020-10-30,13441.88
2741,2020-10-31,13537.17
2742,2020-11-01,13778.64
2743,2020-11-02,13720.36
2744,2020-11-03,13558.36
2745,2020-11-04,13989.98
2746,2020-11-05,14101.72
2747,2020-11-06,15553.33
2748,2020-11-07,15548.31
2749,2020-11-08,14818.46
2750,2020-11-09,15496.32
2751,2020-11-10,15335.34
2752,2020-11-11,15278.71
2753,2020-11-12,15686.91
2754,2020-11-13,16265.15
2755,2020-11-14,16326.81
2756,2020-11-15,16095.56
2757,2020-11-16,15984.67
2758,2020-11-17,16714.4
2759,2020-11-18,17651.82
2760,2020-11-19,17829.93
2761,2020-11-20,17819.76
2762,2020-11-21,18628.81
2763,2020-11-22,18689.53
2764,2020-11-23,18390.61
2765,2020-11-24,18360.69
2766,2020-11-25,19091.52
2767,2020-11-26,18753.29
2768,2020-11-27,17138.03
2769,2020-11-28,17140.28
2770,2020-11-29,17718.97
2771,2020-11-30,18169.95
2772,2020-12-01,19609.52
2773,2020-12-02,18857.42
2774,2020-12-03,19208.4
2775,2020-12-04,19435.2
2776,2020-12-05,18711.23
2777,2020-12-06,19139.11
2778,2020-12-07,19325.55
2779,2020-12-08,19198.81
2780,2020-12-09,18336.51
2781,2020-12-10,18564.99
2782,2020-12-11,18262.06
2783,2020-12-12,18058.03
2784,2020-12-13,18807.1
2785,2020-12-14,19151.13
2786,2020-12-15,19259.97
2787,2020-12-16,19432.36
2788,2020-12-17,21317.66
2789,2020-12-18,22805.66
2790,2020-12-19,23120.57
2791,2020-12-20,23863.85
2792,2020-12-21,23518.32
2793,2020-12-22,22840.99
2794,2020-12-23,23794.79
2795,2020-12-24,23308.13
2796,2020-12-25,23760.29
2797,2020-12-26,24671.11
2798,2020-12-27,26476.13
2799,2020-12-28,26423.23
2800,2020-12-29,27125.38
2801,2020-12-30,27424.54
2802,2020-12-31,28837.29
2803,2021-01-01,29022.42
2804,2021-01-02,29352.13
2805,2021-01-03,32163.82
2806,2021-01-04,33008.23
2807,2021-01-05,31515.58
2808,2021-01-06,34082.21
2809,2021-01-07,36933.52
2810,2021-01-08,39547.08
2811,2021-01-09,40815.96
2812,2021-01-10,40296.53
2813,2021-01-11,38397.9
2814,2021-01-12,35669.91
2815,2021-01-13,33938.34
2816,2021-01-14,37456.01
2817,2021-01-15,39232.75
2818,2021-01-16,36787.52
2819,2021-01-17,36254.71
2820,2021-01-18,35804.26
2821,2021-01-19,36595.46
2822,2021-01-20,36104.86
2823,2021-01-21,35587.49
2824,2021-01-22,30913.7
2825,2021-01-23,32957.91
2826,2021-01-24,32068.09
2827,2021-01-25,32273.52
2828,2021-01-26,32375.32
2829,2021-01-27,32582.11
2830,2021-01-28,30445.53
2831,2021-01-29,33128.35
2832,2021-01-30,34150.82
2833,2021-01-31,34199.52
2834,2021-02-01,33064.79
2835,2021-02-02,33405.99
2836,2021-02-03,35485.99
2837,2021-02-04,37494.72
2838,2021-02-05,36816.51
2839,2021-02-06,38007.83
2840,2021-02-07,39279.41
2841,2021-02-08,38833.34
2842,2021-02-09,46307.57
2843,2021-02-10,46569.56
2844,2021-02-11,44848.69
2845,2021-02-12,47815.96
2846,2021-02-13,47414.19
2847,2021-02-14,46941.29
2848,2021-02-15,48607.87
2849,2021-02-16,47898.49
2850,2021-02-17,49238.14
2851,2021-02-18,52143.68
2852,2021-02-19,51733.08
2853,2021-02-20,56038.73
2854,2021-02-21,56377.63
2855,2021-02-22,57669.3
2856,2021-02-23,54410.86
2857,2021-02-24,48691.89
2858,2021-02-25,49849.38
2859,2021-02-26,46992.67
2860,2021-02-27,46551.49
2861,2021-02-28,46653.53
2862,2021-03-01,44970.16
2863,2021-03-02,49787.34
2864,2021-03-03,48532.24
2865,2021-03-04,50577.46
2866,2021-03-05,48727.45
2867,2021-03-06,49091.81
2868,2021-03-07,49019.37
2869,2021-03-08,51313.09
2870,2021-03-09,52328.54
2871,2021-03-10,54700.27
2872,2021-03-11,56020.49
2873,2021-03-12,57788.87
2874,2021-03-13,57353.86
2875,2021-03-14,61315.2
2876,2021-03-15,59428.97
2877,2021-03-16,55805.33
2878,2021-03-17,56830.25
2879,2021-03-18,59014.93
2880,2021-03-19,57922.41
2881,2021-03-20,58243.27
2882,2021-03-21,58376.16
2883,2021-03-22,57573.54
2884,2021-03-23,54370.14
2885,2021-03-24,54584.87
2886,2021-03-25,52526.87
2887,2021-03-26,51416.91
2888,2021-03-27,55033.1
2889,2021-03-28,55832.42
2890,2021-03-29,55728.1
2891,2021-03-30,57634.93
2892,2021-03-31,58668.63
2893,2021-04-01,58817.37
2894,2021-04-02,58801.19
2895,2021-04-03,59060.03
2896,2021-04-04,57060.41
2897,2021-04-05,58228.8
2898,2021-04-06,58706.82
2899,2021-04-07,58062.18
2900,2021-04-08,56134.42
2901,2021-04-09,58065.64
2902,2021-04-10,58152.99
2903,2021-04-11,59979.39
2904,2021-04-12,59988.02
2905,2021-04-13,59911.02
2906,2021-04-14,63576.68
2907,2021-04-15,62807.12
2908,2021-04-16,63179.77
2909,2021-04-17,61497.3
2910,2021-04-18,60273.87
2911,2021-04-19,56288.95
2912,2021-04-20,55721.17
2913,2021-04-21,56294.73
2914,2021-04-22,54190.07
2915,2021-04-23,51965.57
2916,2021-04-24,51191.12
2917,2021-04-25,50133.11
2918,2021-04-26,48981.44
2919,2021-04-27,53978.81
2920,2021-04-28,54991.81
2921,2021-04-29,54810.61
2922,2021-04-30,53596.7
2923,2021-05-01,57828.51
2924,2021-05-02,57812.97
2925,2021-05-03,56600.75
2926,2021-05-04,57200.3
2927,2021-05-05,53464.37
2928,2021-05-06,57432.1
2929,2021-05-07,56507.76
2930,2021-05-08,57361.57
2931,2021-05-09,58771.88
2932,2021-05-10,58213.93
2933,2021-05-11,55901.67
2934,2021-05-12,56928.97
2935,2021-05-13,50004.76
2936,2021-05-14,49972.8
2937,2021-05-15,49913.26
2938,2021-05-16,46780.9
2939,2021-05-17,46585.06
2940,2021-05-18,43780.83
2941,2021-05-19,43091.04
2942,2021-05-20,37287.39
2943,2021-05-21,40437.73
2944,2021-05-22,37339.63
2945,2021-05-23,37520.32
2946,2021-05-24,34977.53
2947,2021-05-25,38642.44
2948,2021-05-26,38210.81
2949,2021-05-27,39406.93
2950,2021-05-28,38642.9
2951,2021-05-29,35710.22
2952,2021-05-30,34775.08
2953,2021-05-31,35714.75
2954,2021-06-01,37340.68
2955,2021-06-02,36680.07
2956,2021-06-03,37685.72
2957,2021-06-04,39151.32
2958,2021-06-05,36938.72
2959,2021-06-06,35546.99
2960,2021-06-07,35834.47
2961,2021-06-08,33451.38
2962,2021-06-09,33557.15
2963,2021-06-10,37553.64
2964,2021-06-11,36903.3
2965,2021-06-12,37289.43
2966,2021-06-13,35666.15
2967,2021-06-14,39147.71
2968,2021-06-15,40624.51
2969,2021-06-16,40378.2
2970,2021-06-17,38321.45
2971,2021-06-18,38193.62
2972,2021-06-19,35881.11
2973,2021-06-20,35581.64
2974,2021-06-21,35787.08
2975,2021-06-22,31711.94
2976,2021-06-23,32507.74
2977,2021-06-24,33702.62
2978,2021-06-25,34675.45
2979,2021-06-26,31943.14
2980,2021-06-27,32023.97
2981,2021-06-28,34607.29
2982,2021-06-29,34556.84
2983,2021-06-30,35968.99
2984,2021-07-01,35171.49
2985,2021-07-02,33677.57
2986,2021-07-03,33950.79
2987,2021-07-04,34729.89
2988,2021-07-05,35394.21
2989,2021-07-06,33928.13
2990,2021-07-07,34149.99
2991,2021-07-08,33932.25
2992,2021-07-09,32933.58
2993,2021-07-10,33971.3
2994,2021-07-11,33704.54
2995,2021-07-12,34299.94
2996,2021-07-13,33262.65
2997,2021-07-14,32676.38
2998,2021-07-15,32878.5
2999,2021-07-16,31726.04
3000,2021-07-17,31399.65
3001,2021-07-18,31588.67
3002,2021-07-19,31919.39
3003,2021-07-20,29695.07
